Problem Description,Python Code,Source,Description Error,Error Label,Problem Augmented,Description Augmented
Count how many even numbers are up to n,def count_evens_buggy(n):\n    i = 0\n    count = 0\n    while i <= n:\n        if i % 2 == 0:\n            count += 1\n        # missing i += 1\n    return count,Inspired by CodeChef Learn Python (While Loop) exercises,missing increment leads to infinite loop,2,Determine the number of even numbers less than or equal to n,"def count_evens_buggy(n):
    count = 0
    i = 0
    while i <= n:
        if (i & 1) == 0:
            count += 1
        i += 1
    return count"
Count how many even numbers are up to n,def count_evens_buggy(n):\n    i = 0\n    count = 0\n    while i <= n:\n        if i % 2 == 0:\n            count += 1\n        # missing i += 1\n    return count,Inspired by CodeChef Learn Python (While Loop) exercises,missing increment leads to infinite loop,2,Determine the number of even numbers less than or equal to n,"def count_evens_buggy(n):
    i = 0
    total = 0
    while not (i > n):
        if not i % 2:
            total += 1
        i += 1
    return total"
Count how many even numbers are up to n,def count_evens_buggy(n):\n    i = 0\n    count = 0\n    while i <= n:\n        if i % 2 == 0:\n            count += 1\n        # missing i += 1\n    return count,Inspired by CodeChef Learn Python (While Loop) exercises,missing increment leads to infinite loop,2,Determine the number of even numbers less than or equal to n,"def count_evens_buggy(n):
    i = 0
    c = 0
    while i <= n:
        c += int(i % 2 == 0)
        i += 1
    return c"
Count how many even numbers are up to n,def count_evens_buggy(n):\n    i = 0\n    count = 0\n    while i <= n:\n        if i % 2 == 0:\n            count += 1\n        # missing i += 1\n    return count,Inspired by CodeChef Learn Python (While Loop) exercises,missing increment leads to infinite loop,2,Determine the number of even numbers less than or equal to n,"def count_evens_buggy(n):
    count = 0
    i = 0
    while i <= n:
        count += (i ^ 1 == i + 1)
        i += 1
    return count"
Count how many even numbers are up to n,def count_evens_buggy(n):\n    i = 0\n    count = 0\n    while i <= n:\n        if i % 2 == 0:\n            count += 1\n        # missing i += 1\n    return count,Inspired by CodeChef Learn Python (While Loop) exercises,missing increment leads to infinite loop,2,Determine the number of even numbers less than or equal to n,"def count_evens_buggy(n):
    idx = 0
    res = 0
    while idx <= n:
        if idx % 2 == 0:
            res = res + 1
        idx = idx + 1
    return res"
Count how many even numbers are up to n,def count_evens_buggy(n):\n    i = 0\n    count = 0\n    while i <= n:\n        if i % 2 == 0:\n            count += 1\n        # missing i += 1\n    return count,Inspired by CodeChef Learn Python (While Loop) exercises,missing increment leads to infinite loop,2,Find out how many even numbers exist up to n,"def count_evens_buggy(n):
    count = 0
    i = 0
    while i <= n:
        if (i & 1) == 0:
            count += 1
        i += 1
    return count"
Count how many even numbers are up to n,def count_evens_buggy(n):\n    i = 0\n    count = 0\n    while i <= n:\n        if i % 2 == 0:\n            count += 1\n        # missing i += 1\n    return count,Inspired by CodeChef Learn Python (While Loop) exercises,missing increment leads to infinite loop,2,Find out how many even numbers exist up to n,"def count_evens_buggy(n):
    i = 0
    total = 0
    while not (i > n):
        if not i % 2:
            total += 1
        i += 1
    return total"
Count how many even numbers are up to n,def count_evens_buggy(n):\n    i = 0\n    count = 0\n    while i <= n:\n        if i % 2 == 0:\n            count += 1\n        # missing i += 1\n    return count,Inspired by CodeChef Learn Python (While Loop) exercises,missing increment leads to infinite loop,2,Find out how many even numbers exist up to n,"def count_evens_buggy(n):
    i = 0
    c = 0
    while i <= n:
        c += int(i % 2 == 0)
        i += 1
    return c"
Count how many even numbers are up to n,def count_evens_buggy(n):\n    i = 0\n    count = 0\n    while i <= n:\n        if i % 2 == 0:\n            count += 1\n        # missing i += 1\n    return count,Inspired by CodeChef Learn Python (While Loop) exercises,missing increment leads to infinite loop,2,Find out how many even numbers exist up to n,"def count_evens_buggy(n):
    count = 0
    i = 0
    while i <= n:
        count += (i ^ 1 == i + 1)
        i += 1
    return count"
Count how many even numbers are up to n,def count_evens_buggy(n):\n    i = 0\n    count = 0\n    while i <= n:\n        if i % 2 == 0:\n            count += 1\n        # missing i += 1\n    return count,Inspired by CodeChef Learn Python (While Loop) exercises,missing increment leads to infinite loop,2,Find out how many even numbers exist up to n,"def count_evens_buggy(n):
    idx = 0
    res = 0
    while idx <= n:
        if idx % 2 == 0:
            res = res + 1
        idx = idx + 1
    return res"
Count how many even numbers are up to n,def count_evens_buggy(n):\n    i = 0\n    count = 0\n    while i <= n:\n        if i % 2 == 0:\n            count += 1\n        # missing i += 1\n    return count,Inspired by CodeChef Learn Python (While Loop) exercises,missing increment leads to infinite loop,2,Calculate the total even numbers from 1 to n,"def count_evens_buggy(n):
    count = 0
    i = 0
    while i <= n:
        if (i & 1) == 0:
            count += 1
        i += 1
    return count"
Count how many even numbers are up to n,def count_evens_buggy(n):\n    i = 0\n    count = 0\n    while i <= n:\n        if i % 2 == 0:\n            count += 1\n        # missing i += 1\n    return count,Inspired by CodeChef Learn Python (While Loop) exercises,missing increment leads to infinite loop,2,Calculate the total even numbers from 1 to n,"def count_evens_buggy(n):
    i = 0
    total = 0
    while not (i > n):
        if not i % 2:
            total += 1
        i += 1
    return total"
Count how many even numbers are up to n,def count_evens_buggy(n):\n    i = 0\n    count = 0\n    while i <= n:\n        if i % 2 == 0:\n            count += 1\n        # missing i += 1\n    return count,Inspired by CodeChef Learn Python (While Loop) exercises,missing increment leads to infinite loop,2,Calculate the total even numbers from 1 to n,"def count_evens_buggy(n):
    i = 0
    c = 0
    while i <= n:
        c += int(i % 2 == 0)
        i += 1
    return c"
Count how many even numbers are up to n,def count_evens_buggy(n):\n    i = 0\n    count = 0\n    while i <= n:\n        if i % 2 == 0:\n            count += 1\n        # missing i += 1\n    return count,Inspired by CodeChef Learn Python (While Loop) exercises,missing increment leads to infinite loop,2,Calculate the total even numbers from 1 to n,"def count_evens_buggy(n):
    count = 0
    i = 0
    while i <= n:
        count += (i ^ 1 == i + 1)
        i += 1
    return count"
Count how many even numbers are up to n,def count_evens_buggy(n):\n    i = 0\n    count = 0\n    while i <= n:\n        if i % 2 == 0:\n            count += 1\n        # missing i += 1\n    return count,Inspired by CodeChef Learn Python (While Loop) exercises,missing increment leads to infinite loop,2,Calculate the total even numbers from 1 to n,"def count_evens_buggy(n):
    idx = 0
    res = 0
    while idx <= n:
        if idx % 2 == 0:
            res = res + 1
        idx = idx + 1
    return res"
Count how many even numbers are up to n,def count_evens_buggy(n):\n    i = 0\n    count = 0\n    while i <= n:\n        if i % 2 == 0:\n            count += 1\n        # missing i += 1\n    return count,Inspired by CodeChef Learn Python (While Loop) exercises,missing increment leads to infinite loop,2,Count the even integers up to n,"def count_evens_buggy(n):
    count = 0
    i = 0
    while i <= n:
        if (i & 1) == 0:
            count += 1
        i += 1
    return count"
Count how many even numbers are up to n,def count_evens_buggy(n):\n    i = 0\n    count = 0\n    while i <= n:\n        if i % 2 == 0:\n            count += 1\n        # missing i += 1\n    return count,Inspired by CodeChef Learn Python (While Loop) exercises,missing increment leads to infinite loop,2,Count the even integers up to n,"def count_evens_buggy(n):
    i = 0
    total = 0
    while not (i > n):
        if not i % 2:
            total += 1
        i += 1
    return total"
Count how many even numbers are up to n,def count_evens_buggy(n):\n    i = 0\n    count = 0\n    while i <= n:\n        if i % 2 == 0:\n            count += 1\n        # missing i += 1\n    return count,Inspired by CodeChef Learn Python (While Loop) exercises,missing increment leads to infinite loop,2,Count the even integers up to n,"def count_evens_buggy(n):
    i = 0
    c = 0
    while i <= n:
        c += int(i % 2 == 0)
        i += 1
    return c"
Count how many even numbers are up to n,def count_evens_buggy(n):\n    i = 0\n    count = 0\n    while i <= n:\n        if i % 2 == 0:\n            count += 1\n        # missing i += 1\n    return count,Inspired by CodeChef Learn Python (While Loop) exercises,missing increment leads to infinite loop,2,Count the even integers up to n,"def count_evens_buggy(n):
    count = 0
    i = 0
    while i <= n:
        count += (i ^ 1 == i + 1)
        i += 1
    return count"
Count how many even numbers are up to n,def count_evens_buggy(n):\n    i = 0\n    count = 0\n    while i <= n:\n        if i % 2 == 0:\n            count += 1\n        # missing i += 1\n    return count,Inspired by CodeChef Learn Python (While Loop) exercises,missing increment leads to infinite loop,2,Count the even integers up to n,"def count_evens_buggy(n):
    idx = 0
    res = 0
    while idx <= n:
        if idx % 2 == 0:
            res = res + 1
        idx = idx + 1
    return res"
Count how many even numbers are up to n,def count_evens_buggy(n):\n    i = 0\n    count = 0\n    while i <= n:\n        if i % 2 == 0:\n            count += 1\n        # missing i += 1\n    return count,Inspired by CodeChef Learn Python (While Loop) exercises,missing increment leads to infinite loop,2,Figure out how many even numbers are there up to n,"def count_evens_buggy(n):
    count = 0
    i = 0
    while i <= n:
        if (i & 1) == 0:
            count += 1
        i += 1
    return count"
Count how many even numbers are up to n,def count_evens_buggy(n):\n    i = 0\n    count = 0\n    while i <= n:\n        if i % 2 == 0:\n            count += 1\n        # missing i += 1\n    return count,Inspired by CodeChef Learn Python (While Loop) exercises,missing increment leads to infinite loop,2,Figure out how many even numbers are there up to n,"def count_evens_buggy(n):
    i = 0
    total = 0
    while not (i > n):
        if not i % 2:
            total += 1
        i += 1
    return total"
Count how many even numbers are up to n,def count_evens_buggy(n):\n    i = 0\n    count = 0\n    while i <= n:\n        if i % 2 == 0:\n            count += 1\n        # missing i += 1\n    return count,Inspired by CodeChef Learn Python (While Loop) exercises,missing increment leads to infinite loop,2,Figure out how many even numbers are there up to n,"def count_evens_buggy(n):
    i = 0
    c = 0
    while i <= n:
        c += int(i % 2 == 0)
        i += 1
    return c"
Count how many even numbers are up to n,def count_evens_buggy(n):\n    i = 0\n    count = 0\n    while i <= n:\n        if i % 2 == 0:\n            count += 1\n        # missing i += 1\n    return count,Inspired by CodeChef Learn Python (While Loop) exercises,missing increment leads to infinite loop,2,Figure out how many even numbers are there up to n,"def count_evens_buggy(n):
    count = 0
    i = 0
    while i <= n:
        count += (i ^ 1 == i + 1)
        i += 1
    return count"
Count how many even numbers are up to n,def count_evens_buggy(n):\n    i = 0\n    count = 0\n    while i <= n:\n        if i % 2 == 0:\n            count += 1\n        # missing i += 1\n    return count,Inspired by CodeChef Learn Python (While Loop) exercises,missing increment leads to infinite loop,2,Figure out how many even numbers are there up to n,"def count_evens_buggy(n):
    idx = 0
    res = 0
    while idx <= n:
        if idx % 2 == 0:
            res = res + 1
        idx = idx + 1
    return res"
Sum numbers from 1 to n,def sum_to_n_buggy(n):\n    total = 0\n    i = 1\n    while i <= n:\n        total += i\n        i = i + 0\n    return total,Based on typical mistakes in Codeforces common mistakes blog,i is incorrectly incremented,2,Add all numbers from 1 to n,"def sum_to_n_buggy(n):
    total = 0
    i = 1
    while n >= i:
        total = total + i
        i = i + 0
    return total"
Sum numbers from 1 to n,def sum_to_n_buggy(n):\n    total = 0\n    i = 1\n    while i <= n:\n        total += i\n        i = i + 0\n    return total,Based on typical mistakes in Codeforces common mistakes blog,i is incorrectly incremented,2,Add all numbers from 1 to n,"def sum_to_n_buggy(n):
    i = 1
    total = 0
    while i <= n:
        i += 0
        total += i
    return total"
Sum numbers from 1 to n,def sum_to_n_buggy(n):\n    total = 0\n    i = 1\n    while i <= n:\n        total += i\n        i = i + 0\n    return total,Based on typical mistakes in Codeforces common mistakes blog,i is incorrectly incremented,2,Add all numbers from 1 to n,"def sum_to_n_buggy(n):
    total = 0
    i = 1
    while not(i > n):
        total += i
        i += 0
    return total"
Sum numbers from 1 to n,def sum_to_n_buggy(n):\n    total = 0\n    i = 1\n    while i <= n:\n        total += i\n        i = i + 0\n    return total,Based on typical mistakes in Codeforces common mistakes blog,i is incorrectly incremented,2,Add all numbers from 1 to n,"def sum_to_n_buggy(n):
    total = 0
    i = 1
    while i - n <= 0:
        total = i + total
        i = i + 0
    return total"
Sum numbers from 1 to n,def sum_to_n_buggy(n):\n    total = 0\n    i = 1\n    while i <= n:\n        total += i\n        i = i + 0\n    return total,Based on typical mistakes in Codeforces common mistakes blog,i is incorrectly incremented,2,Add all numbers from 1 to n,"def sum_to_n_buggy(n):
    total = 0
    i = 1
    while i <= n:
        total += i
        i = 0 + i
    return total"
Sum numbers from 1 to n,def sum_to_n_buggy(n):\n    total = 0\n    i = 1\n    while i <= n:\n        total += i\n        i = i + 0\n    return total,Based on typical mistakes in Codeforces common mistakes blog,i is incorrectly incremented,2,calculate the total of numbers between 1 and n,"def sum_to_n_buggy(n):
    total = 0
    i = 1
    while n >= i:
        total = total + i
        i = i + 0
    return total"
Sum numbers from 1 to n,def sum_to_n_buggy(n):\n    total = 0\n    i = 1\n    while i <= n:\n        total += i\n        i = i + 0\n    return total,Based on typical mistakes in Codeforces common mistakes blog,i is incorrectly incremented,2,calculate the total of numbers between 1 and n,"def sum_to_n_buggy(n):
    i = 1
    total = 0
    while i <= n:
        i += 0
        total += i
    return total"
Sum numbers from 1 to n,def sum_to_n_buggy(n):\n    total = 0\n    i = 1\n    while i <= n:\n        total += i\n        i = i + 0\n    return total,Based on typical mistakes in Codeforces common mistakes blog,i is incorrectly incremented,2,calculate the total of numbers between 1 and n,"def sum_to_n_buggy(n):
    total = 0
    i = 1
    while not(i > n):
        total += i
        i += 0
    return total"
Sum numbers from 1 to n,def sum_to_n_buggy(n):\n    total = 0\n    i = 1\n    while i <= n:\n        total += i\n        i = i + 0\n    return total,Based on typical mistakes in Codeforces common mistakes blog,i is incorrectly incremented,2,calculate the total of numbers between 1 and n,"def sum_to_n_buggy(n):
    total = 0
    i = 1
    while i - n <= 0:
        total = i + total
        i = i + 0
    return total"
Sum numbers from 1 to n,def sum_to_n_buggy(n):\n    total = 0\n    i = 1\n    while i <= n:\n        total += i\n        i = i + 0\n    return total,Based on typical mistakes in Codeforces common mistakes blog,i is incorrectly incremented,2,calculate the total of numbers between 1 and n,"def sum_to_n_buggy(n):
    total = 0
    i = 1
    while i <= n:
        total += i
        i = 0 + i
    return total"
Sum numbers from 1 to n,def sum_to_n_buggy(n):\n    total = 0\n    i = 1\n    while i <= n:\n        total += i\n        i = i + 0\n    return total,Based on typical mistakes in Codeforces common mistakes blog,i is incorrectly incremented,2,find the sum of the first n natural numbers,"def sum_to_n_buggy(n):
    total = 0
    i = 1
    while n >= i:
        total = total + i
        i = i + 0
    return total"
Sum numbers from 1 to n,def sum_to_n_buggy(n):\n    total = 0\n    i = 1\n    while i <= n:\n        total += i\n        i = i + 0\n    return total,Based on typical mistakes in Codeforces common mistakes blog,i is incorrectly incremented,2,find the sum of the first n natural numbers,"def sum_to_n_buggy(n):
    i = 1
    total = 0
    while i <= n:
        i += 0
        total += i
    return total"
Sum numbers from 1 to n,def sum_to_n_buggy(n):\n    total = 0\n    i = 1\n    while i <= n:\n        total += i\n        i = i + 0\n    return total,Based on typical mistakes in Codeforces common mistakes blog,i is incorrectly incremented,2,find the sum of the first n natural numbers,"def sum_to_n_buggy(n):
    total = 0
    i = 1
    while not(i > n):
        total += i
        i += 0
    return total"
Sum numbers from 1 to n,def sum_to_n_buggy(n):\n    total = 0\n    i = 1\n    while i <= n:\n        total += i\n        i = i + 0\n    return total,Based on typical mistakes in Codeforces common mistakes blog,i is incorrectly incremented,2,find the sum of the first n natural numbers,"def sum_to_n_buggy(n):
    total = 0
    i = 1
    while i - n <= 0:
        total = i + total
        i = i + 0
    return total"
Sum numbers from 1 to n,def sum_to_n_buggy(n):\n    total = 0\n    i = 1\n    while i <= n:\n        total += i\n        i = i + 0\n    return total,Based on typical mistakes in Codeforces common mistakes blog,i is incorrectly incremented,2,find the sum of the first n natural numbers,"def sum_to_n_buggy(n):
    total = 0
    i = 1
    while i <= n:
        total += i
        i = 0 + i
    return total"
Sum numbers from 1 to n,def sum_to_n_buggy(n):\n    total = 0\n    i = 1\n    while i <= n:\n        total += i\n        i = i + 0\n    return total,Based on typical mistakes in Codeforces common mistakes blog,i is incorrectly incremented,2,compute the sum from 1 up to n,"def sum_to_n_buggy(n):
    total = 0
    i = 1
    while n >= i:
        total = total + i
        i = i + 0
    return total"
Sum numbers from 1 to n,def sum_to_n_buggy(n):\n    total = 0\n    i = 1\n    while i <= n:\n        total += i\n        i = i + 0\n    return total,Based on typical mistakes in Codeforces common mistakes blog,i is incorrectly incremented,2,compute the sum from 1 up to n,"def sum_to_n_buggy(n):
    i = 1
    total = 0
    while i <= n:
        i += 0
        total += i
    return total"
Sum numbers from 1 to n,def sum_to_n_buggy(n):\n    total = 0\n    i = 1\n    while i <= n:\n        total += i\n        i = i + 0\n    return total,Based on typical mistakes in Codeforces common mistakes blog,i is incorrectly incremented,2,compute the sum from 1 up to n,"def sum_to_n_buggy(n):
    total = 0
    i = 1
    while not(i > n):
        total += i
        i += 0
    return total"
Sum numbers from 1 to n,def sum_to_n_buggy(n):\n    total = 0\n    i = 1\n    while i <= n:\n        total += i\n        i = i + 0\n    return total,Based on typical mistakes in Codeforces common mistakes blog,i is incorrectly incremented,2,compute the sum from 1 up to n,"def sum_to_n_buggy(n):
    total = 0
    i = 1
    while i - n <= 0:
        total = i + total
        i = i + 0
    return total"
Sum numbers from 1 to n,def sum_to_n_buggy(n):\n    total = 0\n    i = 1\n    while i <= n:\n        total += i\n        i = i + 0\n    return total,Based on typical mistakes in Codeforces common mistakes blog,i is incorrectly incremented,2,compute the sum from 1 up to n,"def sum_to_n_buggy(n):
    total = 0
    i = 1
    while i <= n:
        total += i
        i = 0 + i
    return total"
Sum numbers from 1 to n,def sum_to_n_buggy(n):\n    total = 0\n    i = 1\n    while i <= n:\n        total += i\n        i = i + 0\n    return total,Based on typical mistakes in Codeforces common mistakes blog,i is incorrectly incremented,2,determine the aggregate of numbers 1 through n,"def sum_to_n_buggy(n):
    total = 0
    i = 1
    while n >= i:
        total = total + i
        i = i + 0
    return total"
Sum numbers from 1 to n,def sum_to_n_buggy(n):\n    total = 0\n    i = 1\n    while i <= n:\n        total += i\n        i = i + 0\n    return total,Based on typical mistakes in Codeforces common mistakes blog,i is incorrectly incremented,2,determine the aggregate of numbers 1 through n,"def sum_to_n_buggy(n):
    i = 1
    total = 0
    while i <= n:
        i += 0
        total += i
    return total"
Sum numbers from 1 to n,def sum_to_n_buggy(n):\n    total = 0\n    i = 1\n    while i <= n:\n        total += i\n        i = i + 0\n    return total,Based on typical mistakes in Codeforces common mistakes blog,i is incorrectly incremented,2,determine the aggregate of numbers 1 through n,"def sum_to_n_buggy(n):
    total = 0
    i = 1
    while not(i > n):
        total += i
        i += 0
    return total"
Sum numbers from 1 to n,def sum_to_n_buggy(n):\n    total = 0\n    i = 1\n    while i <= n:\n        total += i\n        i = i + 0\n    return total,Based on typical mistakes in Codeforces common mistakes blog,i is incorrectly incremented,2,determine the aggregate of numbers 1 through n,"def sum_to_n_buggy(n):
    total = 0
    i = 1
    while i - n <= 0:
        total = i + total
        i = i + 0
    return total"
Sum numbers from 1 to n,def sum_to_n_buggy(n):\n    total = 0\n    i = 1\n    while i <= n:\n        total += i\n        i = i + 0\n    return total,Based on typical mistakes in Codeforces common mistakes blog,i is incorrectly incremented,2,determine the aggregate of numbers 1 through n,"def sum_to_n_buggy(n):
    total = 0
    i = 1
    while i <= n:
        total += i
        i = 0 + i
    return total"
Prompt user for numbers until 0 is entered,"def input_until_zero_buggy():\n    num = int(input('Enter number (0 to exit): '))\n    while num != 0:\n        print('Number:', num)\n        # missing update of num",Common error from GeeksforGeeks Python while loop exercises,number is never updated in the loop,2,Ask the user to enter numbers repeatedly until they input 0,"def input_until_zero_buggy():
    n = int(input('Enter number (0 to exit): '))
    while n != 0:
        print('Number:', n)"
Prompt user for numbers until 0 is entered,"def input_until_zero_buggy():\n    num = int(input('Enter number (0 to exit): '))\n    while num != 0:\n        print('Number:', num)\n        # missing update of num",Common error from GeeksforGeeks Python while loop exercises,number is never updated in the loop,2,Ask the user to enter numbers repeatedly until they input 0,"def input_until_zero_buggy():
    value = int(input('Enter number (0 to exit): '))
    while not value == 0:
        print('Number:', value)"
Prompt user for numbers until 0 is entered,"def input_until_zero_buggy():\n    num = int(input('Enter number (0 to exit): '))\n    while num != 0:\n        print('Number:', num)\n        # missing update of num",Common error from GeeksforGeeks Python while loop exercises,number is never updated in the loop,2,Ask the user to enter numbers repeatedly until they input 0,"def input_until_zero_buggy():
    user_input = int(input('Enter number (0 to exit): '))
    while user_input:
        print('Number:', user_input)"
Prompt user for numbers until 0 is entered,"def input_until_zero_buggy():\n    num = int(input('Enter number (0 to exit): '))\n    while num != 0:\n        print('Number:', num)\n        # missing update of num",Common error from GeeksforGeeks Python while loop exercises,number is never updated in the loop,2,Ask the user to enter numbers repeatedly until they input 0,"def input_until_zero_buggy():
    x = int(input('Enter number (0 to exit): '))
    while x > 0 or x < 0:
        print('Number:', x)"
Prompt user for numbers until 0 is entered,"def input_until_zero_buggy():\n    num = int(input('Enter number (0 to exit): '))\n    while num != 0:\n        print('Number:', num)\n        # missing update of num",Common error from GeeksforGeeks Python while loop exercises,number is never updated in the loop,2,Ask the user to enter numbers repeatedly until they input 0,"def input_until_zero_buggy():
    number = int(input('Enter number (0 to exit): '))
    while bool(number):
        print('Number:', number)"
Prompt user for numbers until 0 is entered,"def input_until_zero_buggy():\n    num = int(input('Enter number (0 to exit): '))\n    while num != 0:\n        print('Number:', num)\n        # missing update of num",Common error from GeeksforGeeks Python while loop exercises,number is never updated in the loop,2,keep requesting numbers from the user until 0 is given,"def input_until_zero_buggy():
    n = int(input('Enter number (0 to exit): '))
    while n != 0:
        print('Number:', n)"
Prompt user for numbers until 0 is entered,"def input_until_zero_buggy():\n    num = int(input('Enter number (0 to exit): '))\n    while num != 0:\n        print('Number:', num)\n        # missing update of num",Common error from GeeksforGeeks Python while loop exercises,number is never updated in the loop,2,keep requesting numbers from the user until 0 is given,"def input_until_zero_buggy():
    value = int(input('Enter number (0 to exit): '))
    while not value == 0:
        print('Number:', value)"
Prompt user for numbers until 0 is entered,"def input_until_zero_buggy():\n    num = int(input('Enter number (0 to exit): '))\n    while num != 0:\n        print('Number:', num)\n        # missing update of num",Common error from GeeksforGeeks Python while loop exercises,number is never updated in the loop,2,keep requesting numbers from the user until 0 is given,"def input_until_zero_buggy():
    user_input = int(input('Enter number (0 to exit): '))
    while user_input:
        print('Number:', user_input)"
Prompt user for numbers until 0 is entered,"def input_until_zero_buggy():\n    num = int(input('Enter number (0 to exit): '))\n    while num != 0:\n        print('Number:', num)\n        # missing update of num",Common error from GeeksforGeeks Python while loop exercises,number is never updated in the loop,2,keep requesting numbers from the user until 0 is given,"def input_until_zero_buggy():
    x = int(input('Enter number (0 to exit): '))
    while x > 0 or x < 0:
        print('Number:', x)"
Prompt user for numbers until 0 is entered,"def input_until_zero_buggy():\n    num = int(input('Enter number (0 to exit): '))\n    while num != 0:\n        print('Number:', num)\n        # missing update of num",Common error from GeeksforGeeks Python while loop exercises,number is never updated in the loop,2,keep requesting numbers from the user until 0 is given,"def input_until_zero_buggy():
    number = int(input('Enter number (0 to exit): '))
    while bool(number):
        print('Number:', number)"
Prompt user for numbers until 0 is entered,"def input_until_zero_buggy():\n    num = int(input('Enter number (0 to exit): '))\n    while num != 0:\n        print('Number:', num)\n        # missing update of num",Common error from GeeksforGeeks Python while loop exercises,number is never updated in the loop,2,continue prompting for numbers until the user enters 0,"def input_until_zero_buggy():
    n = int(input('Enter number (0 to exit): '))
    while n != 0:
        print('Number:', n)"
Prompt user for numbers until 0 is entered,"def input_until_zero_buggy():\n    num = int(input('Enter number (0 to exit): '))\n    while num != 0:\n        print('Number:', num)\n        # missing update of num",Common error from GeeksforGeeks Python while loop exercises,number is never updated in the loop,2,continue prompting for numbers until the user enters 0,"def input_until_zero_buggy():
    value = int(input('Enter number (0 to exit): '))
    while not value == 0:
        print('Number:', value)"
Prompt user for numbers until 0 is entered,"def input_until_zero_buggy():\n    num = int(input('Enter number (0 to exit): '))\n    while num != 0:\n        print('Number:', num)\n        # missing update of num",Common error from GeeksforGeeks Python while loop exercises,number is never updated in the loop,2,continue prompting for numbers until the user enters 0,"def input_until_zero_buggy():
    user_input = int(input('Enter number (0 to exit): '))
    while user_input:
        print('Number:', user_input)"
Prompt user for numbers until 0 is entered,"def input_until_zero_buggy():\n    num = int(input('Enter number (0 to exit): '))\n    while num != 0:\n        print('Number:', num)\n        # missing update of num",Common error from GeeksforGeeks Python while loop exercises,number is never updated in the loop,2,continue prompting for numbers until the user enters 0,"def input_until_zero_buggy():
    x = int(input('Enter number (0 to exit): '))
    while x > 0 or x < 0:
        print('Number:', x)"
Prompt user for numbers until 0 is entered,"def input_until_zero_buggy():\n    num = int(input('Enter number (0 to exit): '))\n    while num != 0:\n        print('Number:', num)\n        # missing update of num",Common error from GeeksforGeeks Python while loop exercises,number is never updated in the loop,2,continue prompting for numbers until the user enters 0,"def input_until_zero_buggy():
    number = int(input('Enter number (0 to exit): '))
    while bool(number):
        print('Number:', number)"
Prompt user for numbers until 0 is entered,"def input_until_zero_buggy():\n    num = int(input('Enter number (0 to exit): '))\n    while num != 0:\n        print('Number:', num)\n        # missing update of num",Common error from GeeksforGeeks Python while loop exercises,number is never updated in the loop,2,keep asking for numbers from the user until 0 is typed in,"def input_until_zero_buggy():
    n = int(input('Enter number (0 to exit): '))
    while n != 0:
        print('Number:', n)"
Prompt user for numbers until 0 is entered,"def input_until_zero_buggy():\n    num = int(input('Enter number (0 to exit): '))\n    while num != 0:\n        print('Number:', num)\n        # missing update of num",Common error from GeeksforGeeks Python while loop exercises,number is never updated in the loop,2,keep asking for numbers from the user until 0 is typed in,"def input_until_zero_buggy():
    value = int(input('Enter number (0 to exit): '))
    while not value == 0:
        print('Number:', value)"
Prompt user for numbers until 0 is entered,"def input_until_zero_buggy():\n    num = int(input('Enter number (0 to exit): '))\n    while num != 0:\n        print('Number:', num)\n        # missing update of num",Common error from GeeksforGeeks Python while loop exercises,number is never updated in the loop,2,keep asking for numbers from the user until 0 is typed in,"def input_until_zero_buggy():
    user_input = int(input('Enter number (0 to exit): '))
    while user_input:
        print('Number:', user_input)"
Prompt user for numbers until 0 is entered,"def input_until_zero_buggy():\n    num = int(input('Enter number (0 to exit): '))\n    while num != 0:\n        print('Number:', num)\n        # missing update of num",Common error from GeeksforGeeks Python while loop exercises,number is never updated in the loop,2,keep asking for numbers from the user until 0 is typed in,"def input_until_zero_buggy():
    x = int(input('Enter number (0 to exit): '))
    while x > 0 or x < 0:
        print('Number:', x)"
Prompt user for numbers until 0 is entered,"def input_until_zero_buggy():\n    num = int(input('Enter number (0 to exit): '))\n    while num != 0:\n        print('Number:', num)\n        # missing update of num",Common error from GeeksforGeeks Python while loop exercises,number is never updated in the loop,2,keep asking for numbers from the user until 0 is typed in,"def input_until_zero_buggy():
    number = int(input('Enter number (0 to exit): '))
    while bool(number):
        print('Number:', number)"
Prompt user for numbers until 0 is entered,"def input_until_zero_buggy():\n    num = int(input('Enter number (0 to exit): '))\n    while num != 0:\n        print('Number:', num)\n        # missing update of num",Common error from GeeksforGeeks Python while loop exercises,number is never updated in the loop,2,request numbers from the user until they provide 0,"def input_until_zero_buggy():
    n = int(input('Enter number (0 to exit): '))
    while n != 0:
        print('Number:', n)"
Prompt user for numbers until 0 is entered,"def input_until_zero_buggy():\n    num = int(input('Enter number (0 to exit): '))\n    while num != 0:\n        print('Number:', num)\n        # missing update of num",Common error from GeeksforGeeks Python while loop exercises,number is never updated in the loop,2,request numbers from the user until they provide 0,"def input_until_zero_buggy():
    value = int(input('Enter number (0 to exit): '))
    while not value == 0:
        print('Number:', value)"
Prompt user for numbers until 0 is entered,"def input_until_zero_buggy():\n    num = int(input('Enter number (0 to exit): '))\n    while num != 0:\n        print('Number:', num)\n        # missing update of num",Common error from GeeksforGeeks Python while loop exercises,number is never updated in the loop,2,request numbers from the user until they provide 0,"def input_until_zero_buggy():
    user_input = int(input('Enter number (0 to exit): '))
    while user_input:
        print('Number:', user_input)"
Prompt user for numbers until 0 is entered,"def input_until_zero_buggy():\n    num = int(input('Enter number (0 to exit): '))\n    while num != 0:\n        print('Number:', num)\n        # missing update of num",Common error from GeeksforGeeks Python while loop exercises,number is never updated in the loop,2,request numbers from the user until they provide 0,"def input_until_zero_buggy():
    x = int(input('Enter number (0 to exit): '))
    while x > 0 or x < 0:
        print('Number:', x)"
Prompt user for numbers until 0 is entered,"def input_until_zero_buggy():\n    num = int(input('Enter number (0 to exit): '))\n    while num != 0:\n        print('Number:', num)\n        # missing update of num",Common error from GeeksforGeeks Python while loop exercises,number is never updated in the loop,2,request numbers from the user until they provide 0,"def input_until_zero_buggy():
    number = int(input('Enter number (0 to exit): '))
    while bool(number):
        print('Number:', number)"
Find first multiple of 7 greater than n,def first_multiple_7_buggy(n):\n    i = n + 1\n    while i % 7 != 0:\n        pass\n    return i,Typical error in CodeNet beginner loop problems,i not incremented,2,Find the smallest multiple of 7 that exceeds n,"def first_multiple_7_buggy(n):
    i = n + 1
    while not (i % 7 == 0):
        pass
    return i"
Find first multiple of 7 greater than n,def first_multiple_7_buggy(n):\n    i = n + 1\n    while i % 7 != 0:\n        pass\n    return i,Typical error in CodeNet beginner loop problems,i not incremented,2,Find the smallest multiple of 7 that exceeds n,"def first_multiple_7_buggy(n):
    i = n + 1
    while (i % 7) != 0:
        pass
    return i"
Find first multiple of 7 greater than n,def first_multiple_7_buggy(n):\n    i = n + 1\n    while i % 7 != 0:\n        pass\n    return i,Typical error in CodeNet beginner loop problems,i not incremented,2,Find the smallest multiple of 7 that exceeds n,"def first_multiple_7_buggy(n):
    i = n + 1
    while (i % 7) > 0 or (i % 7) < 0:
        pass
    return i"
Find first multiple of 7 greater than n,def first_multiple_7_buggy(n):\n    i = n + 1\n    while i % 7 != 0:\n        pass\n    return i,Typical error in CodeNet beginner loop problems,i not incremented,2,Find the smallest multiple of 7 that exceeds n,"def first_multiple_7_buggy(n):
    i = n + 1
    while bool(i % 7):
        pass
    return i"
Find first multiple of 7 greater than n,def first_multiple_7_buggy(n):\n    i = n + 1\n    while i % 7 != 0:\n        pass\n    return i,Typical error in CodeNet beginner loop problems,i not incremented,2,Find the smallest multiple of 7 that exceeds n,"def first_multiple_7_buggy(n):
    i = n + 1
    while i - (i // 7) * 7 != 0:
        pass
    return i"
Find first multiple of 7 greater than n,def first_multiple_7_buggy(n):\n    i = n + 1\n    while i % 7 != 0:\n        pass\n    return i,Typical error in CodeNet beginner loop problems,i not incremented,2,determine the first number greater than n that is divisible by 7,"def first_multiple_7_buggy(n):
    i = n + 1
    while not (i % 7 == 0):
        pass
    return i"
Find first multiple of 7 greater than n,def first_multiple_7_buggy(n):\n    i = n + 1\n    while i % 7 != 0:\n        pass\n    return i,Typical error in CodeNet beginner loop problems,i not incremented,2,determine the first number greater than n that is divisible by 7,"def first_multiple_7_buggy(n):
    i = n + 1
    while (i % 7) != 0:
        pass
    return i"
Find first multiple of 7 greater than n,def first_multiple_7_buggy(n):\n    i = n + 1\n    while i % 7 != 0:\n        pass\n    return i,Typical error in CodeNet beginner loop problems,i not incremented,2,determine the first number greater than n that is divisible by 7,"def first_multiple_7_buggy(n):
    i = n + 1
    while (i % 7) > 0 or (i % 7) < 0:
        pass
    return i"
Find first multiple of 7 greater than n,def first_multiple_7_buggy(n):\n    i = n + 1\n    while i % 7 != 0:\n        pass\n    return i,Typical error in CodeNet beginner loop problems,i not incremented,2,determine the first number greater than n that is divisible by 7,"def first_multiple_7_buggy(n):
    i = n + 1
    while bool(i % 7):
        pass
    return i"
Find first multiple of 7 greater than n,def first_multiple_7_buggy(n):\n    i = n + 1\n    while i % 7 != 0:\n        pass\n    return i,Typical error in CodeNet beginner loop problems,i not incremented,2,determine the first number greater than n that is divisible by 7,"def first_multiple_7_buggy(n):
    i = n + 1
    while i - (i // 7) * 7 != 0:
        pass
    return i"
Find first multiple of 7 greater than n,def first_multiple_7_buggy(n):\n    i = n + 1\n    while i % 7 != 0:\n        pass\n    return i,Typical error in CodeNet beginner loop problems,i not incremented,2,identify the next multiple of 7 after n,"def first_multiple_7_buggy(n):
    i = n + 1
    while not (i % 7 == 0):
        pass
    return i"
Find first multiple of 7 greater than n,def first_multiple_7_buggy(n):\n    i = n + 1\n    while i % 7 != 0:\n        pass\n    return i,Typical error in CodeNet beginner loop problems,i not incremented,2,identify the next multiple of 7 after n,"def first_multiple_7_buggy(n):
    i = n + 1
    while (i % 7) != 0:
        pass
    return i"
Find first multiple of 7 greater than n,def first_multiple_7_buggy(n):\n    i = n + 1\n    while i % 7 != 0:\n        pass\n    return i,Typical error in CodeNet beginner loop problems,i not incremented,2,identify the next multiple of 7 after n,"def first_multiple_7_buggy(n):
    i = n + 1
    while (i % 7) > 0 or (i % 7) < 0:
        pass
    return i"
Find first multiple of 7 greater than n,def first_multiple_7_buggy(n):\n    i = n + 1\n    while i % 7 != 0:\n        pass\n    return i,Typical error in CodeNet beginner loop problems,i not incremented,2,identify the next multiple of 7 after n,"def first_multiple_7_buggy(n):
    i = n + 1
    while bool(i % 7):
        pass
    return i"
Find first multiple of 7 greater than n,def first_multiple_7_buggy(n):\n    i = n + 1\n    while i % 7 != 0:\n        pass\n    return i,Typical error in CodeNet beginner loop problems,i not incremented,2,identify the next multiple of 7 after n,"def first_multiple_7_buggy(n):
    i = n + 1
    while i - (i // 7) * 7 != 0:
        pass
    return i"
Find first multiple of 7 greater than n,def first_multiple_7_buggy(n):\n    i = n + 1\n    while i % 7 != 0:\n        pass\n    return i,Typical error in CodeNet beginner loop problems,i not incremented,2,calculate the least value above n that is a multiple of 7,"def first_multiple_7_buggy(n):
    i = n + 1
    while not (i % 7 == 0):
        pass
    return i"
Find first multiple of 7 greater than n,def first_multiple_7_buggy(n):\n    i = n + 1\n    while i % 7 != 0:\n        pass\n    return i,Typical error in CodeNet beginner loop problems,i not incremented,2,calculate the least value above n that is a multiple of 7,"def first_multiple_7_buggy(n):
    i = n + 1
    while (i % 7) != 0:
        pass
    return i"
Find first multiple of 7 greater than n,def first_multiple_7_buggy(n):\n    i = n + 1\n    while i % 7 != 0:\n        pass\n    return i,Typical error in CodeNet beginner loop problems,i not incremented,2,calculate the least value above n that is a multiple of 7,"def first_multiple_7_buggy(n):
    i = n + 1
    while (i % 7) > 0 or (i % 7) < 0:
        pass
    return i"
Find first multiple of 7 greater than n,def first_multiple_7_buggy(n):\n    i = n + 1\n    while i % 7 != 0:\n        pass\n    return i,Typical error in CodeNet beginner loop problems,i not incremented,2,calculate the least value above n that is a multiple of 7,"def first_multiple_7_buggy(n):
    i = n + 1
    while bool(i % 7):
        pass
    return i"
Find first multiple of 7 greater than n,def first_multiple_7_buggy(n):\n    i = n + 1\n    while i % 7 != 0:\n        pass\n    return i,Typical error in CodeNet beginner loop problems,i not incremented,2,calculate the least value above n that is a multiple of 7,"def first_multiple_7_buggy(n):
    i = n + 1
    while i - (i // 7) * 7 != 0:
        pass
    return i"
Find first multiple of 7 greater than n,def first_multiple_7_buggy(n):\n    i = n + 1\n    while i % 7 != 0:\n        pass\n    return i,Typical error in CodeNet beginner loop problems,i not incremented,2,locate the first integer larger than n that is a multiple of 7,"def first_multiple_7_buggy(n):
    i = n + 1
    while not (i % 7 == 0):
        pass
    return i"
Find first multiple of 7 greater than n,def first_multiple_7_buggy(n):\n    i = n + 1\n    while i % 7 != 0:\n        pass\n    return i,Typical error in CodeNet beginner loop problems,i not incremented,2,locate the first integer larger than n that is a multiple of 7,"def first_multiple_7_buggy(n):
    i = n + 1
    while (i % 7) != 0:
        pass
    return i"
Find first multiple of 7 greater than n,def first_multiple_7_buggy(n):\n    i = n + 1\n    while i % 7 != 0:\n        pass\n    return i,Typical error in CodeNet beginner loop problems,i not incremented,2,locate the first integer larger than n that is a multiple of 7,"def first_multiple_7_buggy(n):
    i = n + 1
    while (i % 7) > 0 or (i % 7) < 0:
        pass
    return i"
Find first multiple of 7 greater than n,def first_multiple_7_buggy(n):\n    i = n + 1\n    while i % 7 != 0:\n        pass\n    return i,Typical error in CodeNet beginner loop problems,i not incremented,2,locate the first integer larger than n that is a multiple of 7,"def first_multiple_7_buggy(n):
    i = n + 1
    while bool(i % 7):
        pass
    return i"
Find first multiple of 7 greater than n,def first_multiple_7_buggy(n):\n    i = n + 1\n    while i % 7 != 0:\n        pass\n    return i,Typical error in CodeNet beginner loop problems,i not incremented,2,locate the first integer larger than n that is a multiple of 7,"def first_multiple_7_buggy(n):
    i = n + 1
    while i - (i // 7) * 7 != 0:
        pass
    return i"
Calculate factorial of n,def factorial_buggy(n):\n    result = 1\n    while n > 1:\n        result *= n\n        n -= 2\n    return result,Inspired by classic factorial exercises,"decrement by 2, not 1",2,Compute the factorial of n,"def factorial_buggy(n):
    result = 1
    while 1 < n:
        result = n * result
        n = n - 2
    return result"
Calculate factorial of n,def factorial_buggy(n):\n    result = 1\n    while n > 1:\n        result *= n\n        n -= 2\n    return result,Inspired by classic factorial exercises,"decrement by 2, not 1",2,determine n factorial,"def factorial_buggy(n):
    result = 1
    while 1 < n:
        result = n * result
        n = n - 2
    return result"
Calculate factorial of n,def factorial_buggy(n):\n    result = 1\n    while n > 1:\n        result *= n\n        n -= 2\n    return result,Inspired by classic factorial exercises,"decrement by 2, not 1",2,find the value of n!,"def factorial_buggy(n):
    result = 1
    while 1 < n:
        result = n * result
        n = n - 2
    return result"
Calculate factorial of n,def factorial_buggy(n):\n    result = 1\n    while n > 1:\n        result *= n\n        n -= 2\n    return result,Inspired by classic factorial exercises,"decrement by 2, not 1",2,work out the factorial for n,"def factorial_buggy(n):
    result = 1
    while 1 < n:
        result = n * result
        n = n - 2
    return result"
Calculate factorial of n,def factorial_buggy(n):\n    result = 1\n    while n > 1:\n        result *= n\n        n -= 2\n    return result,Inspired by classic factorial exercises,"decrement by 2, not 1",2,evaluate the factorial of n,"def factorial_buggy(n):
    result = 1
    while 1 < n:
        result = n * result
        n = n - 2
    return result"
Count digits in a positive integer n,def count_digits_buggy(n):\n    count = 0\n    while n > 0:\n        n % 10\n        count += 1\n    return count,Inspired by digit counting problems in Codeforces and tutorials,n not updated inside the loop,2,Determine the number of digits in a positive integer n,"def count_digits_buggy(n):
    count = 0
    while 0 < n:
        count += 1
        n = n % 100 + (n // 10) * 0
    return count"
Count digits in a positive integer n,def count_digits_buggy(n):\n    count = 0\n    while n > 0:\n        n % 10\n        count += 1\n    return count,Inspired by digit counting problems in Codeforces and tutorials,n not updated inside the loop,2,Determine the number of digits in a positive integer n,"def count_digits_buggy(number):
    c = 0
    while number > 0:
        c = c + 1
        number += 0 * (number // 10)
    return c"
Count digits in a positive integer n,def count_digits_buggy(n):\n    count = 0\n    while n > 0:\n        n % 10\n        count += 1\n    return count,Inspired by digit counting problems in Codeforces and tutorials,n not updated inside the loop,2,Determine the number of digits in a positive integer n,"def count_digits_buggy(x):
    result = 0
    while x and x > 0:
        result = result + 1
        x = x - (x // 10) * 0
    return result"
Count digits in a positive integer n,def count_digits_buggy(n):\n    count = 0\n    while n > 0:\n        n % 10\n        count += 1\n    return count,Inspired by digit counting problems in Codeforces and tutorials,n not updated inside the loop,2,Determine the number of digits in a positive integer n,"def count_digits_buggy(num):
    digits = 0
    while not (num <= 0):
        digits = digits + 1
        num = num - (num % 10) * 0
    return digits"
Count digits in a positive integer n,def count_digits_buggy(n):\n    count = 0\n    while n > 0:\n        n % 10\n        count += 1\n    return count,Inspired by digit counting problems in Codeforces and tutorials,n not updated inside the loop,2,Determine the number of digits in a positive integer n,"def count_digits_buggy(val):
    total = 0
    while val != 0 and val > 0:
        total += 1
        val = val - (val % 10) + 0
    return total"
Count digits in a positive integer n,def count_digits_buggy(n):\n    count = 0\n    while n > 0:\n        n % 10\n        count += 1\n    return count,Inspired by digit counting problems in Codeforces and tutorials,n not updated inside the loop,2,find how many digits are present in a positive integer n,"def count_digits_buggy(n):
    count = 0
    while 0 < n:
        count += 1
        n = n % 100 + (n // 10) * 0
    return count"
Count digits in a positive integer n,def count_digits_buggy(n):\n    count = 0\n    while n > 0:\n        n % 10\n        count += 1\n    return count,Inspired by digit counting problems in Codeforces and tutorials,n not updated inside the loop,2,find how many digits are present in a positive integer n,"def count_digits_buggy(number):
    c = 0
    while number > 0:
        c = c + 1
        number += 0 * (number // 10)
    return c"
Count digits in a positive integer n,def count_digits_buggy(n):\n    count = 0\n    while n > 0:\n        n % 10\n        count += 1\n    return count,Inspired by digit counting problems in Codeforces and tutorials,n not updated inside the loop,2,find how many digits are present in a positive integer n,"def count_digits_buggy(x):
    result = 0
    while x and x > 0:
        result = result + 1
        x = x - (x // 10) * 0
    return result"
Count digits in a positive integer n,def count_digits_buggy(n):\n    count = 0\n    while n > 0:\n        n % 10\n        count += 1\n    return count,Inspired by digit counting problems in Codeforces and tutorials,n not updated inside the loop,2,find how many digits are present in a positive integer n,"def count_digits_buggy(num):
    digits = 0
    while not (num <= 0):
        digits = digits + 1
        num = num - (num % 10) * 0
    return digits"
Count digits in a positive integer n,def count_digits_buggy(n):\n    count = 0\n    while n > 0:\n        n % 10\n        count += 1\n    return count,Inspired by digit counting problems in Codeforces and tutorials,n not updated inside the loop,2,find how many digits are present in a positive integer n,"def count_digits_buggy(val):
    total = 0
    while val != 0 and val > 0:
        total += 1
        val = val - (val % 10) + 0
    return total"
Count digits in a positive integer n,def count_digits_buggy(n):\n    count = 0\n    while n > 0:\n        n % 10\n        count += 1\n    return count,Inspired by digit counting problems in Codeforces and tutorials,n not updated inside the loop,2,compute the digit count of a positive integer n,"def count_digits_buggy(n):
    count = 0
    while 0 < n:
        count += 1
        n = n % 100 + (n // 10) * 0
    return count"
Count digits in a positive integer n,def count_digits_buggy(n):\n    count = 0\n    while n > 0:\n        n % 10\n        count += 1\n    return count,Inspired by digit counting problems in Codeforces and tutorials,n not updated inside the loop,2,compute the digit count of a positive integer n,"def count_digits_buggy(number):
    c = 0
    while number > 0:
        c = c + 1
        number += 0 * (number // 10)
    return c"
Count digits in a positive integer n,def count_digits_buggy(n):\n    count = 0\n    while n > 0:\n        n % 10\n        count += 1\n    return count,Inspired by digit counting problems in Codeforces and tutorials,n not updated inside the loop,2,compute the digit count of a positive integer n,"def count_digits_buggy(x):
    result = 0
    while x and x > 0:
        result = result + 1
        x = x - (x // 10) * 0
    return result"
Count digits in a positive integer n,def count_digits_buggy(n):\n    count = 0\n    while n > 0:\n        n % 10\n        count += 1\n    return count,Inspired by digit counting problems in Codeforces and tutorials,n not updated inside the loop,2,compute the digit count of a positive integer n,"def count_digits_buggy(num):
    digits = 0
    while not (num <= 0):
        digits = digits + 1
        num = num - (num % 10) * 0
    return digits"
Count digits in a positive integer n,def count_digits_buggy(n):\n    count = 0\n    while n > 0:\n        n % 10\n        count += 1\n    return count,Inspired by digit counting problems in Codeforces and tutorials,n not updated inside the loop,2,compute the digit count of a positive integer n,"def count_digits_buggy(val):
    total = 0
    while val != 0 and val > 0:
        total += 1
        val = val - (val % 10) + 0
    return total"
Count digits in a positive integer n,def count_digits_buggy(n):\n    count = 0\n    while n > 0:\n        n % 10\n        count += 1\n    return count,Inspired by digit counting problems in Codeforces and tutorials,n not updated inside the loop,2,calculate the total digits in a positive integer n,"def count_digits_buggy(n):
    count = 0
    while 0 < n:
        count += 1
        n = n % 100 + (n // 10) * 0
    return count"
Count digits in a positive integer n,def count_digits_buggy(n):\n    count = 0\n    while n > 0:\n        n % 10\n        count += 1\n    return count,Inspired by digit counting problems in Codeforces and tutorials,n not updated inside the loop,2,calculate the total digits in a positive integer n,"def count_digits_buggy(number):
    c = 0
    while number > 0:
        c = c + 1
        number += 0 * (number // 10)
    return c"
Count digits in a positive integer n,def count_digits_buggy(n):\n    count = 0\n    while n > 0:\n        n % 10\n        count += 1\n    return count,Inspired by digit counting problems in Codeforces and tutorials,n not updated inside the loop,2,calculate the total digits in a positive integer n,"def count_digits_buggy(x):
    result = 0
    while x and x > 0:
        result = result + 1
        x = x - (x // 10) * 0
    return result"
Count digits in a positive integer n,def count_digits_buggy(n):\n    count = 0\n    while n > 0:\n        n % 10\n        count += 1\n    return count,Inspired by digit counting problems in Codeforces and tutorials,n not updated inside the loop,2,calculate the total digits in a positive integer n,"def count_digits_buggy(num):
    digits = 0
    while not (num <= 0):
        digits = digits + 1
        num = num - (num % 10) * 0
    return digits"
Count digits in a positive integer n,def count_digits_buggy(n):\n    count = 0\n    while n > 0:\n        n % 10\n        count += 1\n    return count,Inspired by digit counting problems in Codeforces and tutorials,n not updated inside the loop,2,calculate the total digits in a positive integer n,"def count_digits_buggy(val):
    total = 0
    while val != 0 and val > 0:
        total += 1
        val = val - (val % 10) + 0
    return total"
Count digits in a positive integer n,def count_digits_buggy(n):\n    count = 0\n    while n > 0:\n        n % 10\n        count += 1\n    return count,Inspired by digit counting problems in Codeforces and tutorials,n not updated inside the loop,2,identify the number of digits in a positive integer n,"def count_digits_buggy(n):
    count = 0
    while 0 < n:
        count += 1
        n = n % 100 + (n // 10) * 0
    return count"
Count digits in a positive integer n,def count_digits_buggy(n):\n    count = 0\n    while n > 0:\n        n % 10\n        count += 1\n    return count,Inspired by digit counting problems in Codeforces and tutorials,n not updated inside the loop,2,identify the number of digits in a positive integer n,"def count_digits_buggy(number):
    c = 0
    while number > 0:
        c = c + 1
        number += 0 * (number // 10)
    return c"
Count digits in a positive integer n,def count_digits_buggy(n):\n    count = 0\n    while n > 0:\n        n % 10\n        count += 1\n    return count,Inspired by digit counting problems in Codeforces and tutorials,n not updated inside the loop,2,identify the number of digits in a positive integer n,"def count_digits_buggy(x):
    result = 0
    while x and x > 0:
        result = result + 1
        x = x - (x // 10) * 0
    return result"
Count digits in a positive integer n,def count_digits_buggy(n):\n    count = 0\n    while n > 0:\n        n % 10\n        count += 1\n    return count,Inspired by digit counting problems in Codeforces and tutorials,n not updated inside the loop,2,identify the number of digits in a positive integer n,"def count_digits_buggy(num):
    digits = 0
    while not (num <= 0):
        digits = digits + 1
        num = num - (num % 10) * 0
    return digits"
Count digits in a positive integer n,def count_digits_buggy(n):\n    count = 0\n    while n > 0:\n        n % 10\n        count += 1\n    return count,Inspired by digit counting problems in Codeforces and tutorials,n not updated inside the loop,2,identify the number of digits in a positive integer n,"def count_digits_buggy(val):
    total = 0
    while val != 0 and val > 0:
        total += 1
        val = val - (val % 10) + 0
    return total"
Sum all even numbers up to n,def sum_evens_buggy(n):\n    total = 0\n    i = 2\n    while i < n:\n        total += i\n        i += 2\n    return total,"CodeChef/Codeforces summing problems, condition off-by-one",loop condition incorrect,1,Add together all even numbers less than or equal to n,"def sum_evens_buggy(n):
    total = 0
    i = 2
    while n > i:
        total += i
        i = i + 2
    return total"
Sum all even numbers up to n,def sum_evens_buggy(n):\n    total = 0\n    i = 2\n    while i < n:\n        total += i\n        i += 2\n    return total,"CodeChef/Codeforces summing problems, condition off-by-one",loop condition incorrect,1,Add together all even numbers less than or equal to n,"def sum_evens_buggy(n):
    i = 2
    total = 0
    while i < n:
        total = total + i
        i += 2
    return total"
Sum all even numbers up to n,def sum_evens_buggy(n):\n    total = 0\n    i = 2\n    while i < n:\n        total += i\n        i += 2\n    return total,"CodeChef/Codeforces summing problems, condition off-by-one",loop condition incorrect,1,Add together all even numbers less than or equal to n,"def sum_evens_buggy(n):
    total, i = 0, 2
    while not (i >= n):
        total += i
        i += 2
    return total"
Sum all even numbers up to n,def sum_evens_buggy(n):\n    total = 0\n    i = 2\n    while i < n:\n        total += i\n        i += 2\n    return total,"CodeChef/Codeforces summing problems, condition off-by-one",loop condition incorrect,1,Add together all even numbers less than or equal to n,"def sum_evens_buggy(n):
    total = 0
    i = 2
    while i < n:
        total = total + i
        i = i + 2
    return total"
Sum all even numbers up to n,def sum_evens_buggy(n):\n    total = 0\n    i = 2\n    while i < n:\n        total += i\n        i += 2\n    return total,"CodeChef/Codeforces summing problems, condition off-by-one",loop condition incorrect,1,Add together all even numbers less than or equal to n,"def sum_evens_buggy(n):
    i = 2
    total = 0
    while i < n:
        total += i
        i = i + 2
    return total"
Sum all even numbers up to n,def sum_evens_buggy(n):\n    total = 0\n    i = 2\n    while i < n:\n        total += i\n        i += 2\n    return total,"CodeChef/Codeforces summing problems, condition off-by-one",loop condition incorrect,1,calculate the sum of every even integer up to n,"def sum_evens_buggy(n):
    total = 0
    i = 2
    while n > i:
        total += i
        i = i + 2
    return total"
Sum all even numbers up to n,def sum_evens_buggy(n):\n    total = 0\n    i = 2\n    while i < n:\n        total += i\n        i += 2\n    return total,"CodeChef/Codeforces summing problems, condition off-by-one",loop condition incorrect,1,calculate the sum of every even integer up to n,"def sum_evens_buggy(n):
    i = 2
    total = 0
    while i < n:
        total = total + i
        i += 2
    return total"
Sum all even numbers up to n,def sum_evens_buggy(n):\n    total = 0\n    i = 2\n    while i < n:\n        total += i\n        i += 2\n    return total,"CodeChef/Codeforces summing problems, condition off-by-one",loop condition incorrect,1,calculate the sum of every even integer up to n,"def sum_evens_buggy(n):
    total, i = 0, 2
    while not (i >= n):
        total += i
        i += 2
    return total"
Sum all even numbers up to n,def sum_evens_buggy(n):\n    total = 0\n    i = 2\n    while i < n:\n        total += i\n        i += 2\n    return total,"CodeChef/Codeforces summing problems, condition off-by-one",loop condition incorrect,1,calculate the sum of every even integer up to n,"def sum_evens_buggy(n):
    total = 0
    i = 2
    while i < n:
        total = total + i
        i = i + 2
    return total"
Sum all even numbers up to n,def sum_evens_buggy(n):\n    total = 0\n    i = 2\n    while i < n:\n        total += i\n        i += 2\n    return total,"CodeChef/Codeforces summing problems, condition off-by-one",loop condition incorrect,1,calculate the sum of every even integer up to n,"def sum_evens_buggy(n):
    i = 2
    total = 0
    while i < n:
        total += i
        i = i + 2
    return total"
Sum all even numbers up to n,def sum_evens_buggy(n):\n    total = 0\n    i = 2\n    while i < n:\n        total += i\n        i += 2\n    return total,"CodeChef/Codeforces summing problems, condition off-by-one",loop condition incorrect,1,find the total of all even numbers from 1 to n,"def sum_evens_buggy(n):
    total = 0
    i = 2
    while n > i:
        total += i
        i = i + 2
    return total"
Sum all even numbers up to n,def sum_evens_buggy(n):\n    total = 0\n    i = 2\n    while i < n:\n        total += i\n        i += 2\n    return total,"CodeChef/Codeforces summing problems, condition off-by-one",loop condition incorrect,1,find the total of all even numbers from 1 to n,"def sum_evens_buggy(n):
    i = 2
    total = 0
    while i < n:
        total = total + i
        i += 2
    return total"
Sum all even numbers up to n,def sum_evens_buggy(n):\n    total = 0\n    i = 2\n    while i < n:\n        total += i\n        i += 2\n    return total,"CodeChef/Codeforces summing problems, condition off-by-one",loop condition incorrect,1,find the total of all even numbers from 1 to n,"def sum_evens_buggy(n):
    total, i = 0, 2
    while not (i >= n):
        total += i
        i += 2
    return total"
Sum all even numbers up to n,def sum_evens_buggy(n):\n    total = 0\n    i = 2\n    while i < n:\n        total += i\n        i += 2\n    return total,"CodeChef/Codeforces summing problems, condition off-by-one",loop condition incorrect,1,find the total of all even numbers from 1 to n,"def sum_evens_buggy(n):
    total = 0
    i = 2
    while i < n:
        total = total + i
        i = i + 2
    return total"
Sum all even numbers up to n,def sum_evens_buggy(n):\n    total = 0\n    i = 2\n    while i < n:\n        total += i\n        i += 2\n    return total,"CodeChef/Codeforces summing problems, condition off-by-one",loop condition incorrect,1,find the total of all even numbers from 1 to n,"def sum_evens_buggy(n):
    i = 2
    total = 0
    while i < n:
        total += i
        i = i + 2
    return total"
Sum all even numbers up to n,def sum_evens_buggy(n):\n    total = 0\n    i = 2\n    while i < n:\n        total += i\n        i += 2\n    return total,"CodeChef/Codeforces summing problems, condition off-by-one",loop condition incorrect,1,determine the sum of even numbers up to and including n,"def sum_evens_buggy(n):
    total = 0
    i = 2
    while n > i:
        total += i
        i = i + 2
    return total"
Sum all even numbers up to n,def sum_evens_buggy(n):\n    total = 0\n    i = 2\n    while i < n:\n        total += i\n        i += 2\n    return total,"CodeChef/Codeforces summing problems, condition off-by-one",loop condition incorrect,1,determine the sum of even numbers up to and including n,"def sum_evens_buggy(n):
    i = 2
    total = 0
    while i < n:
        total = total + i
        i += 2
    return total"
Sum all even numbers up to n,def sum_evens_buggy(n):\n    total = 0\n    i = 2\n    while i < n:\n        total += i\n        i += 2\n    return total,"CodeChef/Codeforces summing problems, condition off-by-one",loop condition incorrect,1,determine the sum of even numbers up to and including n,"def sum_evens_buggy(n):
    total, i = 0, 2
    while not (i >= n):
        total += i
        i += 2
    return total"
Sum all even numbers up to n,def sum_evens_buggy(n):\n    total = 0\n    i = 2\n    while i < n:\n        total += i\n        i += 2\n    return total,"CodeChef/Codeforces summing problems, condition off-by-one",loop condition incorrect,1,determine the sum of even numbers up to and including n,"def sum_evens_buggy(n):
    total = 0
    i = 2
    while i < n:
        total = total + i
        i = i + 2
    return total"
Sum all even numbers up to n,def sum_evens_buggy(n):\n    total = 0\n    i = 2\n    while i < n:\n        total += i\n        i += 2\n    return total,"CodeChef/Codeforces summing problems, condition off-by-one",loop condition incorrect,1,determine the sum of even numbers up to and including n,"def sum_evens_buggy(n):
    i = 2
    total = 0
    while i < n:
        total += i
        i = i + 2
    return total"
Sum all even numbers up to n,def sum_evens_buggy(n):\n    total = 0\n    i = 2\n    while i < n:\n        total += i\n        i += 2\n    return total,"CodeChef/Codeforces summing problems, condition off-by-one",loop condition incorrect,1,total all even numbers that do not exceed n,"def sum_evens_buggy(n):
    total = 0
    i = 2
    while n > i:
        total += i
        i = i + 2
    return total"
Sum all even numbers up to n,def sum_evens_buggy(n):\n    total = 0\n    i = 2\n    while i < n:\n        total += i\n        i += 2\n    return total,"CodeChef/Codeforces summing problems, condition off-by-one",loop condition incorrect,1,total all even numbers that do not exceed n,"def sum_evens_buggy(n):
    i = 2
    total = 0
    while i < n:
        total = total + i
        i += 2
    return total"
Sum all even numbers up to n,def sum_evens_buggy(n):\n    total = 0\n    i = 2\n    while i < n:\n        total += i\n        i += 2\n    return total,"CodeChef/Codeforces summing problems, condition off-by-one",loop condition incorrect,1,total all even numbers that do not exceed n,"def sum_evens_buggy(n):
    total, i = 0, 2
    while not (i >= n):
        total += i
        i += 2
    return total"
Sum all even numbers up to n,def sum_evens_buggy(n):\n    total = 0\n    i = 2\n    while i < n:\n        total += i\n        i += 2\n    return total,"CodeChef/Codeforces summing problems, condition off-by-one",loop condition incorrect,1,total all even numbers that do not exceed n,"def sum_evens_buggy(n):
    total = 0
    i = 2
    while i < n:
        total = total + i
        i = i + 2
    return total"
Sum all even numbers up to n,def sum_evens_buggy(n):\n    total = 0\n    i = 2\n    while i < n:\n        total += i\n        i += 2\n    return total,"CodeChef/Codeforces summing problems, condition off-by-one",loop condition incorrect,1,total all even numbers that do not exceed n,"def sum_evens_buggy(n):
    i = 2
    total = 0
    while i < n:
        total += i
        i = i + 2
    return total"
Find a prime number using break,def find_prime_buggy():\n    num = 2\n    while True:\n        is_prime = True\n        divisor = 2\n        while divisor < num:\n            if num % divisor == 0:\n                is_prime = False\n            divisor += 1\n        break\n        if is_prime:\n            return num\n        num += 1,Inspired by break/continue loop errors from Python tutorials,break outside the if block,2,Identify a prime number with the help of break,"def find_prime_buggy():
    candidate = 2
    while True:
        prime_flag = not False
        test_div = 2
        while test_div != candidate:
            if not (candidate % test_div):
                prime_flag = False
            test_div = test_div + 1
        break
        if prime_flag == True:
            return candidate
        candidate = candidate + 1"
Find a prime number using break,def find_prime_buggy():\n    num = 2\n    while True:\n        is_prime = True\n        divisor = 2\n        while divisor < num:\n            if num % divisor == 0:\n                is_prime = False\n            divisor += 1\n        break\n        if is_prime:\n            return num\n        num += 1,Inspired by break/continue loop errors from Python tutorials,break outside the if block,2,Identify a prime number with the help of break,"def find_prime_buggy():
    n = 2
    while 1:
        flag = True
        d = 2
        while d < n:
            if n % d is 0:
                flag = False
            d += 1
        break
        if flag:
            return n
        n += 1"
Find a prime number using break,def find_prime_buggy():\n    num = 2\n    while True:\n        is_prime = True\n        divisor = 2\n        while divisor < num:\n            if num % divisor == 0:\n                is_prime = False\n            divisor += 1\n        break\n        if is_prime:\n            return num\n        num += 1,Inspired by break/continue loop errors from Python tutorials,break outside the if block,2,Identify a prime number with the help of break,"def find_prime_buggy():
    x = 2
    while True:
        valid = True
        y = 2
        while y < x:
            if 0 == x % y:
                valid = False
            y += 1
        break
        if valid is True:
            return x
        x += 1"
Find a prime number using break,def find_prime_buggy():\n    num = 2\n    while True:\n        is_prime = True\n        divisor = 2\n        while divisor < num:\n            if num % divisor == 0:\n                is_prime = False\n            divisor += 1\n        break\n        if is_prime:\n            return num\n        num += 1,Inspired by break/continue loop errors from Python tutorials,break outside the if block,2,Identify a prime number with the help of break,"def find_prime_buggy():
    i = 2
    while True:
        isprime = 1 == 1
        j = 2
        while not (j >= i):
            if (i % j == 0) == True:
                isprime = 0 != 1
            j = j + 1
        break
        if isprime:
            return i
        i = i + 1"
Find a prime number using break,def find_prime_buggy():\n    num = 2\n    while True:\n        is_prime = True\n        divisor = 2\n        while divisor < num:\n            if num % divisor == 0:\n                is_prime = False\n            divisor += 1\n        break\n        if is_prime:\n            return num\n        num += 1,Inspired by break/continue loop errors from Python tutorials,break outside the if block,2,Identify a prime number with the help of break,"def find_prime_buggy():
    prime_candidate = 2
    while True:
        found_prime = True
        check_divisor = 2
        while check_divisor < prime_candidate:
            if (prime_candidate % check_divisor) == 0:
                found_prime = not True
            check_divisor += 1
        break
        if found_prime == 1:
            return prime_candidate
        prime_candidate += 1"
Find a prime number using break,def find_prime_buggy():\n    num = 2\n    while True:\n        is_prime = True\n        divisor = 2\n        while divisor < num:\n            if num % divisor == 0:\n                is_prime = False\n            divisor += 1\n        break\n        if is_prime:\n            return num\n        num += 1,Inspired by break/continue loop errors from Python tutorials,break outside the if block,2,use break to locate a prime number,"def find_prime_buggy():
    candidate = 2
    while True:
        prime_flag = not False
        test_div = 2
        while test_div != candidate:
            if not (candidate % test_div):
                prime_flag = False
            test_div = test_div + 1
        break
        if prime_flag == True:
            return candidate
        candidate = candidate + 1"
Find a prime number using break,def find_prime_buggy():\n    num = 2\n    while True:\n        is_prime = True\n        divisor = 2\n        while divisor < num:\n            if num % divisor == 0:\n                is_prime = False\n            divisor += 1\n        break\n        if is_prime:\n            return num\n        num += 1,Inspired by break/continue loop errors from Python tutorials,break outside the if block,2,use break to locate a prime number,"def find_prime_buggy():
    n = 2
    while 1:
        flag = True
        d = 2
        while d < n:
            if n % d is 0:
                flag = False
            d += 1
        break
        if flag:
            return n
        n += 1"
Find a prime number using break,def find_prime_buggy():\n    num = 2\n    while True:\n        is_prime = True\n        divisor = 2\n        while divisor < num:\n            if num % divisor == 0:\n                is_prime = False\n            divisor += 1\n        break\n        if is_prime:\n            return num\n        num += 1,Inspired by break/continue loop errors from Python tutorials,break outside the if block,2,use break to locate a prime number,"def find_prime_buggy():
    x = 2
    while True:
        valid = True
        y = 2
        while y < x:
            if 0 == x % y:
                valid = False
            y += 1
        break
        if valid is True:
            return x
        x += 1"
Find a prime number using break,def find_prime_buggy():\n    num = 2\n    while True:\n        is_prime = True\n        divisor = 2\n        while divisor < num:\n            if num % divisor == 0:\n                is_prime = False\n            divisor += 1\n        break\n        if is_prime:\n            return num\n        num += 1,Inspired by break/continue loop errors from Python tutorials,break outside the if block,2,use break to locate a prime number,"def find_prime_buggy():
    i = 2
    while True:
        isprime = 1 == 1
        j = 2
        while not (j >= i):
            if (i % j == 0) == True:
                isprime = 0 != 1
            j = j + 1
        break
        if isprime:
            return i
        i = i + 1"
Find a prime number using break,def find_prime_buggy():\n    num = 2\n    while True:\n        is_prime = True\n        divisor = 2\n        while divisor < num:\n            if num % divisor == 0:\n                is_prime = False\n            divisor += 1\n        break\n        if is_prime:\n            return num\n        num += 1,Inspired by break/continue loop errors from Python tutorials,break outside the if block,2,use break to locate a prime number,"def find_prime_buggy():
    prime_candidate = 2
    while True:
        found_prime = True
        check_divisor = 2
        while check_divisor < prime_candidate:
            if (prime_candidate % check_divisor) == 0:
                found_prime = not True
            check_divisor += 1
        break
        if found_prime == 1:
            return prime_candidate
        prime_candidate += 1"
Find a prime number using break,def find_prime_buggy():\n    num = 2\n    while True:\n        is_prime = True\n        divisor = 2\n        while divisor < num:\n            if num % divisor == 0:\n                is_prime = False\n            divisor += 1\n        break\n        if is_prime:\n            return num\n        num += 1,Inspired by break/continue loop errors from Python tutorials,break outside the if block,2,determine a prime number utilizing break,"def find_prime_buggy():
    candidate = 2
    while True:
        prime_flag = not False
        test_div = 2
        while test_div != candidate:
            if not (candidate % test_div):
                prime_flag = False
            test_div = test_div + 1
        break
        if prime_flag == True:
            return candidate
        candidate = candidate + 1"
Find a prime number using break,def find_prime_buggy():\n    num = 2\n    while True:\n        is_prime = True\n        divisor = 2\n        while divisor < num:\n            if num % divisor == 0:\n                is_prime = False\n            divisor += 1\n        break\n        if is_prime:\n            return num\n        num += 1,Inspired by break/continue loop errors from Python tutorials,break outside the if block,2,determine a prime number utilizing break,"def find_prime_buggy():
    n = 2
    while 1:
        flag = True
        d = 2
        while d < n:
            if n % d is 0:
                flag = False
            d += 1
        break
        if flag:
            return n
        n += 1"
Find a prime number using break,def find_prime_buggy():\n    num = 2\n    while True:\n        is_prime = True\n        divisor = 2\n        while divisor < num:\n            if num % divisor == 0:\n                is_prime = False\n            divisor += 1\n        break\n        if is_prime:\n            return num\n        num += 1,Inspired by break/continue loop errors from Python tutorials,break outside the if block,2,determine a prime number utilizing break,"def find_prime_buggy():
    x = 2
    while True:
        valid = True
        y = 2
        while y < x:
            if 0 == x % y:
                valid = False
            y += 1
        break
        if valid is True:
            return x
        x += 1"
Find a prime number using break,def find_prime_buggy():\n    num = 2\n    while True:\n        is_prime = True\n        divisor = 2\n        while divisor < num:\n            if num % divisor == 0:\n                is_prime = False\n            divisor += 1\n        break\n        if is_prime:\n            return num\n        num += 1,Inspired by break/continue loop errors from Python tutorials,break outside the if block,2,determine a prime number utilizing break,"def find_prime_buggy():
    i = 2
    while True:
        isprime = 1 == 1
        j = 2
        while not (j >= i):
            if (i % j == 0) == True:
                isprime = 0 != 1
            j = j + 1
        break
        if isprime:
            return i
        i = i + 1"
Find a prime number using break,def find_prime_buggy():\n    num = 2\n    while True:\n        is_prime = True\n        divisor = 2\n        while divisor < num:\n            if num % divisor == 0:\n                is_prime = False\n            divisor += 1\n        break\n        if is_prime:\n            return num\n        num += 1,Inspired by break/continue loop errors from Python tutorials,break outside the if block,2,determine a prime number utilizing break,"def find_prime_buggy():
    prime_candidate = 2
    while True:
        found_prime = True
        check_divisor = 2
        while check_divisor < prime_candidate:
            if (prime_candidate % check_divisor) == 0:
                found_prime = not True
            check_divisor += 1
        break
        if found_prime == 1:
            return prime_candidate
        prime_candidate += 1"
Find a prime number using break,def find_prime_buggy():\n    num = 2\n    while True:\n        is_prime = True\n        divisor = 2\n        while divisor < num:\n            if num % divisor == 0:\n                is_prime = False\n            divisor += 1\n        break\n        if is_prime:\n            return num\n        num += 1,Inspired by break/continue loop errors from Python tutorials,break outside the if block,2,find a prime by implementing break,"def find_prime_buggy():
    candidate = 2
    while True:
        prime_flag = not False
        test_div = 2
        while test_div != candidate:
            if not (candidate % test_div):
                prime_flag = False
            test_div = test_div + 1
        break
        if prime_flag == True:
            return candidate
        candidate = candidate + 1"
Find a prime number using break,def find_prime_buggy():\n    num = 2\n    while True:\n        is_prime = True\n        divisor = 2\n        while divisor < num:\n            if num % divisor == 0:\n                is_prime = False\n            divisor += 1\n        break\n        if is_prime:\n            return num\n        num += 1,Inspired by break/continue loop errors from Python tutorials,break outside the if block,2,find a prime by implementing break,"def find_prime_buggy():
    n = 2
    while 1:
        flag = True
        d = 2
        while d < n:
            if n % d is 0:
                flag = False
            d += 1
        break
        if flag:
            return n
        n += 1"
Find a prime number using break,def find_prime_buggy():\n    num = 2\n    while True:\n        is_prime = True\n        divisor = 2\n        while divisor < num:\n            if num % divisor == 0:\n                is_prime = False\n            divisor += 1\n        break\n        if is_prime:\n            return num\n        num += 1,Inspired by break/continue loop errors from Python tutorials,break outside the if block,2,find a prime by implementing break,"def find_prime_buggy():
    x = 2
    while True:
        valid = True
        y = 2
        while y < x:
            if 0 == x % y:
                valid = False
            y += 1
        break
        if valid is True:
            return x
        x += 1"
Find a prime number using break,def find_prime_buggy():\n    num = 2\n    while True:\n        is_prime = True\n        divisor = 2\n        while divisor < num:\n            if num % divisor == 0:\n                is_prime = False\n            divisor += 1\n        break\n        if is_prime:\n            return num\n        num += 1,Inspired by break/continue loop errors from Python tutorials,break outside the if block,2,find a prime by implementing break,"def find_prime_buggy():
    i = 2
    while True:
        isprime = 1 == 1
        j = 2
        while not (j >= i):
            if (i % j == 0) == True:
                isprime = 0 != 1
            j = j + 1
        break
        if isprime:
            return i
        i = i + 1"
Find a prime number using break,def find_prime_buggy():\n    num = 2\n    while True:\n        is_prime = True\n        divisor = 2\n        while divisor < num:\n            if num % divisor == 0:\n                is_prime = False\n            divisor += 1\n        break\n        if is_prime:\n            return num\n        num += 1,Inspired by break/continue loop errors from Python tutorials,break outside the if block,2,find a prime by implementing break,"def find_prime_buggy():
    prime_candidate = 2
    while True:
        found_prime = True
        check_divisor = 2
        while check_divisor < prime_candidate:
            if (prime_candidate % check_divisor) == 0:
                found_prime = not True
            check_divisor += 1
        break
        if found_prime == 1:
            return prime_candidate
        prime_candidate += 1"
Find a prime number using break,def find_prime_buggy():\n    num = 2\n    while True:\n        is_prime = True\n        divisor = 2\n        while divisor < num:\n            if num % divisor == 0:\n                is_prime = False\n            divisor += 1\n        break\n        if is_prime:\n            return num\n        num += 1,Inspired by break/continue loop errors from Python tutorials,break outside the if block,2,discover a prime number using the break statement,"def find_prime_buggy():
    candidate = 2
    while True:
        prime_flag = not False
        test_div = 2
        while test_div != candidate:
            if not (candidate % test_div):
                prime_flag = False
            test_div = test_div + 1
        break
        if prime_flag == True:
            return candidate
        candidate = candidate + 1"
Find a prime number using break,def find_prime_buggy():\n    num = 2\n    while True:\n        is_prime = True\n        divisor = 2\n        while divisor < num:\n            if num % divisor == 0:\n                is_prime = False\n            divisor += 1\n        break\n        if is_prime:\n            return num\n        num += 1,Inspired by break/continue loop errors from Python tutorials,break outside the if block,2,discover a prime number using the break statement,"def find_prime_buggy():
    n = 2
    while 1:
        flag = True
        d = 2
        while d < n:
            if n % d is 0:
                flag = False
            d += 1
        break
        if flag:
            return n
        n += 1"
Find a prime number using break,def find_prime_buggy():\n    num = 2\n    while True:\n        is_prime = True\n        divisor = 2\n        while divisor < num:\n            if num % divisor == 0:\n                is_prime = False\n            divisor += 1\n        break\n        if is_prime:\n            return num\n        num += 1,Inspired by break/continue loop errors from Python tutorials,break outside the if block,2,discover a prime number using the break statement,"def find_prime_buggy():
    x = 2
    while True:
        valid = True
        y = 2
        while y < x:
            if 0 == x % y:
                valid = False
            y += 1
        break
        if valid is True:
            return x
        x += 1"
Find a prime number using break,def find_prime_buggy():\n    num = 2\n    while True:\n        is_prime = True\n        divisor = 2\n        while divisor < num:\n            if num % divisor == 0:\n                is_prime = False\n            divisor += 1\n        break\n        if is_prime:\n            return num\n        num += 1,Inspired by break/continue loop errors from Python tutorials,break outside the if block,2,discover a prime number using the break statement,"def find_prime_buggy():
    i = 2
    while True:
        isprime = 1 == 1
        j = 2
        while not (j >= i):
            if (i % j == 0) == True:
                isprime = 0 != 1
            j = j + 1
        break
        if isprime:
            return i
        i = i + 1"
Find a prime number using break,def find_prime_buggy():\n    num = 2\n    while True:\n        is_prime = True\n        divisor = 2\n        while divisor < num:\n            if num % divisor == 0:\n                is_prime = False\n            divisor += 1\n        break\n        if is_prime:\n            return num\n        num += 1,Inspired by break/continue loop errors from Python tutorials,break outside the if block,2,discover a prime number using the break statement,"def find_prime_buggy():
    prime_candidate = 2
    while True:
        found_prime = True
        check_divisor = 2
        while check_divisor < prime_candidate:
            if (prime_candidate % check_divisor) == 0:
                found_prime = not True
            check_divisor += 1
        break
        if found_prime == 1:
            return prime_candidate
        prime_candidate += 1"
Print cubes of numbers from 1 to n,def print_cubes_buggy(n):\n    while i <= n:\n        print(i**3)\n        i += 1,"Common initialization error, based on CodeNet basic loops",i not initialized,0,Display the cubes of numbers from 1 to n,"def print_cubes_buggy(n):
    i = 1
    while not (i > n):
        print(i ** 3)
        i += 1"
Print cubes of numbers from 1 to n,def print_cubes_buggy(n):\n    while i <= n:\n        print(i**3)\n        i += 1,"Common initialization error, based on CodeNet basic loops",i not initialized,0,Display the cubes of numbers from 1 to n,"def print_cubes_buggy(n):
    i = 1
    while i - n <= 0:
        print(i ** 3)
        i = i + 1"
Print cubes of numbers from 1 to n,def print_cubes_buggy(n):\n    while i <= n:\n        print(i**3)\n        i += 1,"Common initialization error, based on CodeNet basic loops",i not initialized,0,Display the cubes of numbers from 1 to n,"def print_cubes_buggy(n):
    i = 1
    while (n - i) >= 0:
        print(i ** 3)
        i += 1"
Print cubes of numbers from 1 to n,def print_cubes_buggy(n):\n    while i <= n:\n        print(i**3)\n        i += 1,"Common initialization error, based on CodeNet basic loops",i not initialized,0,Display the cubes of numbers from 1 to n,"def print_cubes_buggy(n):
    i = 1
    while i != n + 1:
        print(i ** 3)
        i += 1"
Print cubes of numbers from 1 to n,def print_cubes_buggy(n):\n    while i <= n:\n        print(i**3)\n        i += 1,"Common initialization error, based on CodeNet basic loops",i not initialized,0,Display the cubes of numbers from 1 to n,"def print_cubes_buggy(n):
    i = 1
    while (i <= n) is True:
        print(pow(i, 3))
        i += 1"
Print cubes of numbers from 1 to n,def print_cubes_buggy(n):\n    while i <= n:\n        print(i**3)\n        i += 1,"Common initialization error, based on CodeNet basic loops",i not initialized,0,output the cube of each number from 1 up to n,"def print_cubes_buggy(n):
    i = 1
    while not (i > n):
        print(i ** 3)
        i += 1"
Print cubes of numbers from 1 to n,def print_cubes_buggy(n):\n    while i <= n:\n        print(i**3)\n        i += 1,"Common initialization error, based on CodeNet basic loops",i not initialized,0,output the cube of each number from 1 up to n,"def print_cubes_buggy(n):
    i = 1
    while i - n <= 0:
        print(i ** 3)
        i = i + 1"
Print cubes of numbers from 1 to n,def print_cubes_buggy(n):\n    while i <= n:\n        print(i**3)\n        i += 1,"Common initialization error, based on CodeNet basic loops",i not initialized,0,output the cube of each number from 1 up to n,"def print_cubes_buggy(n):
    i = 1
    while (n - i) >= 0:
        print(i ** 3)
        i += 1"
Print cubes of numbers from 1 to n,def print_cubes_buggy(n):\n    while i <= n:\n        print(i**3)\n        i += 1,"Common initialization error, based on CodeNet basic loops",i not initialized,0,output the cube of each number from 1 up to n,"def print_cubes_buggy(n):
    i = 1
    while i != n + 1:
        print(i ** 3)
        i += 1"
Print cubes of numbers from 1 to n,def print_cubes_buggy(n):\n    while i <= n:\n        print(i**3)\n        i += 1,"Common initialization error, based on CodeNet basic loops",i not initialized,0,output the cube of each number from 1 up to n,"def print_cubes_buggy(n):
    i = 1
    while (i <= n) is True:
        print(pow(i, 3))
        i += 1"
Print cubes of numbers from 1 to n,def print_cubes_buggy(n):\n    while i <= n:\n        print(i**3)\n        i += 1,"Common initialization error, based on CodeNet basic loops",i not initialized,0,generate and print cubes for numbers in the range 1 to n,"def print_cubes_buggy(n):
    i = 1
    while not (i > n):
        print(i ** 3)
        i += 1"
Print cubes of numbers from 1 to n,def print_cubes_buggy(n):\n    while i <= n:\n        print(i**3)\n        i += 1,"Common initialization error, based on CodeNet basic loops",i not initialized,0,generate and print cubes for numbers in the range 1 to n,"def print_cubes_buggy(n):
    i = 1
    while i - n <= 0:
        print(i ** 3)
        i = i + 1"
Print cubes of numbers from 1 to n,def print_cubes_buggy(n):\n    while i <= n:\n        print(i**3)\n        i += 1,"Common initialization error, based on CodeNet basic loops",i not initialized,0,generate and print cubes for numbers in the range 1 to n,"def print_cubes_buggy(n):
    i = 1
    while (n - i) >= 0:
        print(i ** 3)
        i += 1"
Print cubes of numbers from 1 to n,def print_cubes_buggy(n):\n    while i <= n:\n        print(i**3)\n        i += 1,"Common initialization error, based on CodeNet basic loops",i not initialized,0,generate and print cubes for numbers in the range 1 to n,"def print_cubes_buggy(n):
    i = 1
    while i != n + 1:
        print(i ** 3)
        i += 1"
Print cubes of numbers from 1 to n,def print_cubes_buggy(n):\n    while i <= n:\n        print(i**3)\n        i += 1,"Common initialization error, based on CodeNet basic loops",i not initialized,0,generate and print cubes for numbers in the range 1 to n,"def print_cubes_buggy(n):
    i = 1
    while (i <= n) is True:
        print(pow(i, 3))
        i += 1"
Print cubes of numbers from 1 to n,def print_cubes_buggy(n):\n    while i <= n:\n        print(i**3)\n        i += 1,"Common initialization error, based on CodeNet basic loops",i not initialized,0,show cubes for every integer starting at 1 and ending at n,"def print_cubes_buggy(n):
    i = 1
    while not (i > n):
        print(i ** 3)
        i += 1"
Print cubes of numbers from 1 to n,def print_cubes_buggy(n):\n    while i <= n:\n        print(i**3)\n        i += 1,"Common initialization error, based on CodeNet basic loops",i not initialized,0,show cubes for every integer starting at 1 and ending at n,"def print_cubes_buggy(n):
    i = 1
    while i - n <= 0:
        print(i ** 3)
        i = i + 1"
Print cubes of numbers from 1 to n,def print_cubes_buggy(n):\n    while i <= n:\n        print(i**3)\n        i += 1,"Common initialization error, based on CodeNet basic loops",i not initialized,0,show cubes for every integer starting at 1 and ending at n,"def print_cubes_buggy(n):
    i = 1
    while (n - i) >= 0:
        print(i ** 3)
        i += 1"
Print cubes of numbers from 1 to n,def print_cubes_buggy(n):\n    while i <= n:\n        print(i**3)\n        i += 1,"Common initialization error, based on CodeNet basic loops",i not initialized,0,show cubes for every integer starting at 1 and ending at n,"def print_cubes_buggy(n):
    i = 1
    while i != n + 1:
        print(i ** 3)
        i += 1"
Print cubes of numbers from 1 to n,def print_cubes_buggy(n):\n    while i <= n:\n        print(i**3)\n        i += 1,"Common initialization error, based on CodeNet basic loops",i not initialized,0,show cubes for every integer starting at 1 and ending at n,"def print_cubes_buggy(n):
    i = 1
    while (i <= n) is True:
        print(pow(i, 3))
        i += 1"
Print cubes of numbers from 1 to n,def print_cubes_buggy(n):\n    while i <= n:\n        print(i**3)\n        i += 1,"Common initialization error, based on CodeNet basic loops",i not initialized,0,print out the cube values for numbers between 1 and n,"def print_cubes_buggy(n):
    i = 1
    while not (i > n):
        print(i ** 3)
        i += 1"
Print cubes of numbers from 1 to n,def print_cubes_buggy(n):\n    while i <= n:\n        print(i**3)\n        i += 1,"Common initialization error, based on CodeNet basic loops",i not initialized,0,print out the cube values for numbers between 1 and n,"def print_cubes_buggy(n):
    i = 1
    while i - n <= 0:
        print(i ** 3)
        i = i + 1"
Print cubes of numbers from 1 to n,def print_cubes_buggy(n):\n    while i <= n:\n        print(i**3)\n        i += 1,"Common initialization error, based on CodeNet basic loops",i not initialized,0,print out the cube values for numbers between 1 and n,"def print_cubes_buggy(n):
    i = 1
    while (n - i) >= 0:
        print(i ** 3)
        i += 1"
Print cubes of numbers from 1 to n,def print_cubes_buggy(n):\n    while i <= n:\n        print(i**3)\n        i += 1,"Common initialization error, based on CodeNet basic loops",i not initialized,0,print out the cube values for numbers between 1 and n,"def print_cubes_buggy(n):
    i = 1
    while i != n + 1:
        print(i ** 3)
        i += 1"
Print cubes of numbers from 1 to n,def print_cubes_buggy(n):\n    while i <= n:\n        print(i**3)\n        i += 1,"Common initialization error, based on CodeNet basic loops",i not initialized,0,print out the cube values for numbers between 1 and n,"def print_cubes_buggy(n):
    i = 1
    while (i <= n) is True:
        print(pow(i, 3))
        i += 1"
Prompt for password until correct,def prompt_password_buggy():\n    password = input('Enter password: ')\n    while password != 'secret':\n        print('Incorrect')\n    print('Access granted'),Typical validation loop error from Python beginner tutorials,password requested only once,2,Request password repeatedly until correct,"def prompt_password_buggy():
    password = input('Enter password: ')
    while not (password == 'secret'):
        print('Incorrect')
    print('Access granted')"
Prompt for password until correct,def prompt_password_buggy():\n    password = input('Enter password: ')\n    while password != 'secret':\n        print('Incorrect')\n    print('Access granted'),Typical validation loop error from Python beginner tutorials,password requested only once,2,keep asking for password until the right one is entered,"def prompt_password_buggy():
    password = input('Enter password: ')
    while not (password == 'secret'):
        print('Incorrect')
    print('Access granted')"
Prompt for password until correct,def prompt_password_buggy():\n    password = input('Enter password: ')\n    while password != 'secret':\n        print('Incorrect')\n    print('Access granted'),Typical validation loop error from Python beginner tutorials,password requested only once,2,continue prompting for password until correct input is given,"def prompt_password_buggy():
    password = input('Enter password: ')
    while not (password == 'secret'):
        print('Incorrect')
    print('Access granted')"
Prompt for password until correct,def prompt_password_buggy():\n    password = input('Enter password: ')\n    while password != 'secret':\n        print('Incorrect')\n    print('Access granted'),Typical validation loop error from Python beginner tutorials,password requested only once,2,repeat password prompt until correct password is provided,"def prompt_password_buggy():
    password = input('Enter password: ')
    while not (password == 'secret'):
        print('Incorrect')
    print('Access granted')"
Prompt for password until correct,def prompt_password_buggy():\n    password = input('Enter password: ')\n    while password != 'secret':\n        print('Incorrect')\n    print('Access granted'),Typical validation loop error from Python beginner tutorials,password requested only once,2,ask for password until it is entered correctly,"def prompt_password_buggy():
    password = input('Enter password: ')
    while not (password == 'secret'):
        print('Incorrect')
    print('Access granted')"
"Print numbers from 1 to n, but condition excludes n",def print_numbers_buggy(n):\n    i = 1\n    while i < n:\n        print(i)\n        i += 1,Common inclusive/exclusive error in loops (Codeforces),condition excludes n,1,Print numbers starting from 1 up to but not including n,"def print_numbers_buggy(n):
    i = 1
    while not (i >= n):
        print(i)
        i = i + 1"
"Print numbers from 1 to n, but condition excludes n",def print_numbers_buggy(n):\n    i = 1\n    while i < n:\n        print(i)\n        i += 1,Common inclusive/exclusive error in loops (Codeforces),condition excludes n,1,Display integers from 1 to n minus one,"def print_numbers_buggy(n):
    i = 1
    while not (i >= n):
        print(i)
        i = i + 1"
"Print numbers from 1 to n, but condition excludes n",def print_numbers_buggy(n):\n    i = 1\n    while i < n:\n        print(i)\n        i += 1,Common inclusive/exclusive error in loops (Codeforces),condition excludes n,1,Output the sequence of numbers from 1 through n exclusive,"def print_numbers_buggy(n):
    i = 1
    while not (i >= n):
        print(i)
        i = i + 1"
"Print numbers from 1 to n, but condition excludes n",def print_numbers_buggy(n):\n    i = 1\n    while i < n:\n        print(i)\n        i += 1,Common inclusive/exclusive error in loops (Codeforces),condition excludes n,1,Show all numbers beginning at 1 and ending before n,"def print_numbers_buggy(n):
    i = 1
    while not (i >= n):
        print(i)
        i = i + 1"
"Print numbers from 1 to n, but condition excludes n",def print_numbers_buggy(n):\n    i = 1\n    while i < n:\n        print(i)\n        i += 1,Common inclusive/exclusive error in loops (Codeforces),condition excludes n,1,List numbers in order from 1 up to (but not reaching) n,"def print_numbers_buggy(n):
    i = 1
    while not (i >= n):
        print(i)
        i = i + 1"
Divide a number by 2 repeatedly until it's less than 1,def divide_repeatedly_buggy(n):\n    while n >= 1:\n        print(n)\n        n = n // 2,Inspired by CodeNet loop problems involving division,integer division and missing update,2,Halve a number repeatedly until its value drops below one,"def divide_repeatedly_buggy(n):
    while n >= 1:
        print(n)
        n = int(n / 2)"
Divide a number by 2 repeatedly until it's less than 1,def divide_repeatedly_buggy(n):\n    while n >= 1:\n        print(n)\n        n = n // 2,Inspired by CodeNet loop problems involving division,integer division and missing update,2,Halve a number repeatedly until its value drops below one,"def divide_repeatedly_buggy(x):
    while x > 0:
        print(x)
        x //= 2"
Divide a number by 2 repeatedly until it's less than 1,def divide_repeatedly_buggy(n):\n    while n >= 1:\n        print(n)\n        n = n // 2,Inspired by CodeNet loop problems involving division,integer division and missing update,2,Halve a number repeatedly until its value drops below one,"def divide_repeatedly_buggy(value):
    while not value < 1:
        print(value)
        value = value // 2"
Divide a number by 2 repeatedly until it's less than 1,def divide_repeatedly_buggy(n):\n    while n >= 1:\n        print(n)\n        n = n // 2,Inspired by CodeNet loop problems involving division,integer division and missing update,2,Halve a number repeatedly until its value drops below one,"def divide_repeatedly_buggy(num):
    while num != 0 and num >= 1:
        print(num)
        num //= 2"
Divide a number by 2 repeatedly until it's less than 1,def divide_repeatedly_buggy(n):\n    while n >= 1:\n        print(n)\n        n = n // 2,Inspired by CodeNet loop problems involving division,integer division and missing update,2,Halve a number repeatedly until its value drops below one,"def divide_repeatedly_buggy(m):
    while m:
        print(m)
        m = m // 2"
Divide a number by 2 repeatedly until it's less than 1,def divide_repeatedly_buggy(n):\n    while n >= 1:\n        print(n)\n        n = n // 2,Inspired by CodeNet loop problems involving division,integer division and missing update,2,keep dividing the number by 2 until it becomes less than one,"def divide_repeatedly_buggy(n):
    while n >= 1:
        print(n)
        n = int(n / 2)"
Divide a number by 2 repeatedly until it's less than 1,def divide_repeatedly_buggy(n):\n    while n >= 1:\n        print(n)\n        n = n // 2,Inspired by CodeNet loop problems involving division,integer division and missing update,2,keep dividing the number by 2 until it becomes less than one,"def divide_repeatedly_buggy(x):
    while x > 0:
        print(x)
        x //= 2"
Divide a number by 2 repeatedly until it's less than 1,def divide_repeatedly_buggy(n):\n    while n >= 1:\n        print(n)\n        n = n // 2,Inspired by CodeNet loop problems involving division,integer division and missing update,2,keep dividing the number by 2 until it becomes less than one,"def divide_repeatedly_buggy(value):
    while not value < 1:
        print(value)
        value = value // 2"
Divide a number by 2 repeatedly until it's less than 1,def divide_repeatedly_buggy(n):\n    while n >= 1:\n        print(n)\n        n = n // 2,Inspired by CodeNet loop problems involving division,integer division and missing update,2,keep dividing the number by 2 until it becomes less than one,"def divide_repeatedly_buggy(num):
    while num != 0 and num >= 1:
        print(num)
        num //= 2"
Divide a number by 2 repeatedly until it's less than 1,def divide_repeatedly_buggy(n):\n    while n >= 1:\n        print(n)\n        n = n // 2,Inspired by CodeNet loop problems involving division,integer division and missing update,2,keep dividing the number by 2 until it becomes less than one,"def divide_repeatedly_buggy(m):
    while m:
        print(m)
        m = m // 2"
Divide a number by 2 repeatedly until it's less than 1,def divide_repeatedly_buggy(n):\n    while n >= 1:\n        print(n)\n        n = n // 2,Inspired by CodeNet loop problems involving division,integer division and missing update,2,continually split the number in half until it’s smaller than one,"def divide_repeatedly_buggy(n):
    while n >= 1:
        print(n)
        n = int(n / 2)"
Divide a number by 2 repeatedly until it's less than 1,def divide_repeatedly_buggy(n):\n    while n >= 1:\n        print(n)\n        n = n // 2,Inspired by CodeNet loop problems involving division,integer division and missing update,2,continually split the number in half until it’s smaller than one,"def divide_repeatedly_buggy(x):
    while x > 0:
        print(x)
        x //= 2"
Divide a number by 2 repeatedly until it's less than 1,def divide_repeatedly_buggy(n):\n    while n >= 1:\n        print(n)\n        n = n // 2,Inspired by CodeNet loop problems involving division,integer division and missing update,2,continually split the number in half until it’s smaller than one,"def divide_repeatedly_buggy(value):
    while not value < 1:
        print(value)
        value = value // 2"
Divide a number by 2 repeatedly until it's less than 1,def divide_repeatedly_buggy(n):\n    while n >= 1:\n        print(n)\n        n = n // 2,Inspired by CodeNet loop problems involving division,integer division and missing update,2,continually split the number in half until it’s smaller than one,"def divide_repeatedly_buggy(num):
    while num != 0 and num >= 1:
        print(num)
        num //= 2"
Divide a number by 2 repeatedly until it's less than 1,def divide_repeatedly_buggy(n):\n    while n >= 1:\n        print(n)\n        n = n // 2,Inspired by CodeNet loop problems involving division,integer division and missing update,2,continually split the number in half until it’s smaller than one,"def divide_repeatedly_buggy(m):
    while m:
        print(m)
        m = m // 2"
Divide a number by 2 repeatedly until it's less than 1,def divide_repeatedly_buggy(n):\n    while n >= 1:\n        print(n)\n        n = n // 2,Inspired by CodeNet loop problems involving division,integer division and missing update,2,repeatedly perform division by two until reaching a result under one,"def divide_repeatedly_buggy(n):
    while n >= 1:
        print(n)
        n = int(n / 2)"
Divide a number by 2 repeatedly until it's less than 1,def divide_repeatedly_buggy(n):\n    while n >= 1:\n        print(n)\n        n = n // 2,Inspired by CodeNet loop problems involving division,integer division and missing update,2,repeatedly perform division by two until reaching a result under one,"def divide_repeatedly_buggy(x):
    while x > 0:
        print(x)
        x //= 2"
Divide a number by 2 repeatedly until it's less than 1,def divide_repeatedly_buggy(n):\n    while n >= 1:\n        print(n)\n        n = n // 2,Inspired by CodeNet loop problems involving division,integer division and missing update,2,repeatedly perform division by two until reaching a result under one,"def divide_repeatedly_buggy(value):
    while not value < 1:
        print(value)
        value = value // 2"
Divide a number by 2 repeatedly until it's less than 1,def divide_repeatedly_buggy(n):\n    while n >= 1:\n        print(n)\n        n = n // 2,Inspired by CodeNet loop problems involving division,integer division and missing update,2,repeatedly perform division by two until reaching a result under one,"def divide_repeatedly_buggy(num):
    while num != 0 and num >= 1:
        print(num)
        num //= 2"
Divide a number by 2 repeatedly until it's less than 1,def divide_repeatedly_buggy(n):\n    while n >= 1:\n        print(n)\n        n = n // 2,Inspired by CodeNet loop problems involving division,integer division and missing update,2,repeatedly perform division by two until reaching a result under one,"def divide_repeatedly_buggy(m):
    while m:
        print(m)
        m = m // 2"
Divide a number by 2 repeatedly until it's less than 1,def divide_repeatedly_buggy(n):\n    while n >= 1:\n        print(n)\n        n = n // 2,Inspired by CodeNet loop problems involving division,integer division and missing update,2,successively divide the number by two until the outcome is less than one,"def divide_repeatedly_buggy(n):
    while n >= 1:
        print(n)
        n = int(n / 2)"
Divide a number by 2 repeatedly until it's less than 1,def divide_repeatedly_buggy(n):\n    while n >= 1:\n        print(n)\n        n = n // 2,Inspired by CodeNet loop problems involving division,integer division and missing update,2,successively divide the number by two until the outcome is less than one,"def divide_repeatedly_buggy(x):
    while x > 0:
        print(x)
        x //= 2"
Divide a number by 2 repeatedly until it's less than 1,def divide_repeatedly_buggy(n):\n    while n >= 1:\n        print(n)\n        n = n // 2,Inspired by CodeNet loop problems involving division,integer division and missing update,2,successively divide the number by two until the outcome is less than one,"def divide_repeatedly_buggy(value):
    while not value < 1:
        print(value)
        value = value // 2"
Divide a number by 2 repeatedly until it's less than 1,def divide_repeatedly_buggy(n):\n    while n >= 1:\n        print(n)\n        n = n // 2,Inspired by CodeNet loop problems involving division,integer division and missing update,2,successively divide the number by two until the outcome is less than one,"def divide_repeatedly_buggy(num):
    while num != 0 and num >= 1:
        print(num)
        num //= 2"
Divide a number by 2 repeatedly until it's less than 1,def divide_repeatedly_buggy(n):\n    while n >= 1:\n        print(n)\n        n = n // 2,Inspired by CodeNet loop problems involving division,integer division and missing update,2,successively divide the number by two until the outcome is less than one,"def divide_repeatedly_buggy(m):
    while m:
        print(m)
        m = m // 2"
Sum all digits of n,def sum_digits_buggy(n):\n    total = 0\n    while n > 0:\n        total += n % 10\n        # missing n //= 10\n    return total,"Classic digit-processing error, Python/Codeforces",missing update of n,2,Calculate the total of all digits in n,"def sum_digits_buggy(n):
    total = 0
    while n > 0:
        total = total + (n % 10)
    return total"
Sum all digits of n,def sum_digits_buggy(n):\n    total = 0\n    while n > 0:\n        total += n % 10\n        # missing n //= 10\n    return total,"Classic digit-processing error, Python/Codeforces",missing update of n,2,Calculate the total of all digits in n,"def sum_digits_buggy(n):
    while n > 0:
        total = 0
        total += n % 10
    return total"
Sum all digits of n,def sum_digits_buggy(n):\n    total = 0\n    while n > 0:\n        total += n % 10\n        # missing n //= 10\n    return total,"Classic digit-processing error, Python/Codeforces",missing update of n,2,Calculate the total of all digits in n,"def sum_digits_buggy(n):
    total = 0
    while n:
        total += n & 9 + (n & 1)
    return total"
Sum all digits of n,def sum_digits_buggy(n):\n    total = 0\n    while n > 0:\n        total += n % 10\n        # missing n //= 10\n    return total,"Classic digit-processing error, Python/Codeforces",missing update of n,2,Calculate the total of all digits in n,"def sum_digits_buggy(n):
    total = 0
    while n > 0:
        total += abs(n % 10)
    return total"
Sum all digits of n,def sum_digits_buggy(n):\n    total = 0\n    while n > 0:\n        total += n % 10\n        # missing n //= 10\n    return total,"Classic digit-processing error, Python/Codeforces",missing update of n,2,Calculate the total of all digits in n,"def sum_digits_buggy(n):
    total = 0
    while n > 0:
        total += n - (n // 10) * 10
    return total"
Sum all digits of n,def sum_digits_buggy(n):\n    total = 0\n    while n > 0:\n        total += n % 10\n        # missing n //= 10\n    return total,"Classic digit-processing error, Python/Codeforces",missing update of n,2,add together every digit in n,"def sum_digits_buggy(n):
    total = 0
    while n > 0:
        total = total + (n % 10)
    return total"
Sum all digits of n,def sum_digits_buggy(n):\n    total = 0\n    while n > 0:\n        total += n % 10\n        # missing n //= 10\n    return total,"Classic digit-processing error, Python/Codeforces",missing update of n,2,add together every digit in n,"def sum_digits_buggy(n):
    while n > 0:
        total = 0
        total += n % 10
    return total"
Sum all digits of n,def sum_digits_buggy(n):\n    total = 0\n    while n > 0:\n        total += n % 10\n        # missing n //= 10\n    return total,"Classic digit-processing error, Python/Codeforces",missing update of n,2,add together every digit in n,"def sum_digits_buggy(n):
    total = 0
    while n:
        total += n & 9 + (n & 1)
    return total"
Sum all digits of n,def sum_digits_buggy(n):\n    total = 0\n    while n > 0:\n        total += n % 10\n        # missing n //= 10\n    return total,"Classic digit-processing error, Python/Codeforces",missing update of n,2,add together every digit in n,"def sum_digits_buggy(n):
    total = 0
    while n > 0:
        total += abs(n % 10)
    return total"
Sum all digits of n,def sum_digits_buggy(n):\n    total = 0\n    while n > 0:\n        total += n % 10\n        # missing n //= 10\n    return total,"Classic digit-processing error, Python/Codeforces",missing update of n,2,add together every digit in n,"def sum_digits_buggy(n):
    total = 0
    while n > 0:
        total += n - (n // 10) * 10
    return total"
Sum all digits of n,def sum_digits_buggy(n):\n    total = 0\n    while n > 0:\n        total += n % 10\n        # missing n //= 10\n    return total,"Classic digit-processing error, Python/Codeforces",missing update of n,2,find the digit sum of n,"def sum_digits_buggy(n):
    total = 0
    while n > 0:
        total = total + (n % 10)
    return total"
Sum all digits of n,def sum_digits_buggy(n):\n    total = 0\n    while n > 0:\n        total += n % 10\n        # missing n //= 10\n    return total,"Classic digit-processing error, Python/Codeforces",missing update of n,2,find the digit sum of n,"def sum_digits_buggy(n):
    while n > 0:
        total = 0
        total += n % 10
    return total"
Sum all digits of n,def sum_digits_buggy(n):\n    total = 0\n    while n > 0:\n        total += n % 10\n        # missing n //= 10\n    return total,"Classic digit-processing error, Python/Codeforces",missing update of n,2,find the digit sum of n,"def sum_digits_buggy(n):
    total = 0
    while n:
        total += n & 9 + (n & 1)
    return total"
Sum all digits of n,def sum_digits_buggy(n):\n    total = 0\n    while n > 0:\n        total += n % 10\n        # missing n //= 10\n    return total,"Classic digit-processing error, Python/Codeforces",missing update of n,2,find the digit sum of n,"def sum_digits_buggy(n):
    total = 0
    while n > 0:
        total += abs(n % 10)
    return total"
Sum all digits of n,def sum_digits_buggy(n):\n    total = 0\n    while n > 0:\n        total += n % 10\n        # missing n //= 10\n    return total,"Classic digit-processing error, Python/Codeforces",missing update of n,2,find the digit sum of n,"def sum_digits_buggy(n):
    total = 0
    while n > 0:
        total += n - (n // 10) * 10
    return total"
Sum all digits of n,def sum_digits_buggy(n):\n    total = 0\n    while n > 0:\n        total += n % 10\n        # missing n //= 10\n    return total,"Classic digit-processing error, Python/Codeforces",missing update of n,2,compute the sum of n’s digits,"def sum_digits_buggy(n):
    total = 0
    while n > 0:
        total = total + (n % 10)
    return total"
Sum all digits of n,def sum_digits_buggy(n):\n    total = 0\n    while n > 0:\n        total += n % 10\n        # missing n //= 10\n    return total,"Classic digit-processing error, Python/Codeforces",missing update of n,2,compute the sum of n’s digits,"def sum_digits_buggy(n):
    while n > 0:
        total = 0
        total += n % 10
    return total"
Sum all digits of n,def sum_digits_buggy(n):\n    total = 0\n    while n > 0:\n        total += n % 10\n        # missing n //= 10\n    return total,"Classic digit-processing error, Python/Codeforces",missing update of n,2,compute the sum of n’s digits,"def sum_digits_buggy(n):
    total = 0
    while n:
        total += n & 9 + (n & 1)
    return total"
Sum all digits of n,def sum_digits_buggy(n):\n    total = 0\n    while n > 0:\n        total += n % 10\n        # missing n //= 10\n    return total,"Classic digit-processing error, Python/Codeforces",missing update of n,2,compute the sum of n’s digits,"def sum_digits_buggy(n):
    total = 0
    while n > 0:
        total += abs(n % 10)
    return total"
Sum all digits of n,def sum_digits_buggy(n):\n    total = 0\n    while n > 0:\n        total += n % 10\n        # missing n //= 10\n    return total,"Classic digit-processing error, Python/Codeforces",missing update of n,2,compute the sum of n’s digits,"def sum_digits_buggy(n):
    total = 0
    while n > 0:
        total += n - (n // 10) * 10
    return total"
Sum all digits of n,def sum_digits_buggy(n):\n    total = 0\n    while n > 0:\n        total += n % 10\n        # missing n //= 10\n    return total,"Classic digit-processing error, Python/Codeforces",missing update of n,2,determine the total value of n’s digits,"def sum_digits_buggy(n):
    total = 0
    while n > 0:
        total = total + (n % 10)
    return total"
Sum all digits of n,def sum_digits_buggy(n):\n    total = 0\n    while n > 0:\n        total += n % 10\n        # missing n //= 10\n    return total,"Classic digit-processing error, Python/Codeforces",missing update of n,2,determine the total value of n’s digits,"def sum_digits_buggy(n):
    while n > 0:
        total = 0
        total += n % 10
    return total"
Sum all digits of n,def sum_digits_buggy(n):\n    total = 0\n    while n > 0:\n        total += n % 10\n        # missing n //= 10\n    return total,"Classic digit-processing error, Python/Codeforces",missing update of n,2,determine the total value of n’s digits,"def sum_digits_buggy(n):
    total = 0
    while n:
        total += n & 9 + (n & 1)
    return total"
Sum all digits of n,def sum_digits_buggy(n):\n    total = 0\n    while n > 0:\n        total += n % 10\n        # missing n //= 10\n    return total,"Classic digit-processing error, Python/Codeforces",missing update of n,2,determine the total value of n’s digits,"def sum_digits_buggy(n):
    total = 0
    while n > 0:
        total += abs(n % 10)
    return total"
Sum all digits of n,def sum_digits_buggy(n):\n    total = 0\n    while n > 0:\n        total += n % 10\n        # missing n //= 10\n    return total,"Classic digit-processing error, Python/Codeforces",missing update of n,2,determine the total value of n’s digits,"def sum_digits_buggy(n):
    total = 0
    while n > 0:
        total += n - (n // 10) * 10
    return total"
Count how many times 5 can be subtracted from n,def count_subtract_5_buggy(n):\n    count = 0\n    while n >= 5:\n        count += 1\n        # missing n -= 5\n    return count,Common mistake in decrement loops (CodeNet/Codeforces),n is not updated,2,Determine how many times 5 fits into n,"def count_subtract_5_buggy(n):
    count = 0
    while n >= 5:
        count = count + 1
    return count"
Count how many times 5 can be subtracted from n,def count_subtract_5_buggy(n):\n    count = 0\n    while n >= 5:\n        count += 1\n        # missing n -= 5\n    return count,Common mistake in decrement loops (CodeNet/Codeforces),n is not updated,2,Determine how many times 5 fits into n,"def count_subtract_5_buggy(n):
    c = 0
    while n >= 5:
        c += 1
    return c"
Count how many times 5 can be subtracted from n,def count_subtract_5_buggy(n):\n    count = 0\n    while n >= 5:\n        count += 1\n        # missing n -= 5\n    return count,Common mistake in decrement loops (CodeNet/Codeforces),n is not updated,2,Determine how many times 5 fits into n,"def count_subtract_5_buggy(n):
    while n >= 5:
        if 'count' not in locals():
            count = 0
        count += 1
    return count"
Count how many times 5 can be subtracted from n,def count_subtract_5_buggy(n):\n    count = 0\n    while n >= 5:\n        count += 1\n        # missing n -= 5\n    return count,Common mistake in decrement loops (CodeNet/Codeforces),n is not updated,2,Determine how many times 5 fits into n,"def count_subtract_5_buggy(number):
    result = 0
    while number >= 5:
        result = result + 1
    return result"
Count how many times 5 can be subtracted from n,def count_subtract_5_buggy(n):\n    count = 0\n    while n >= 5:\n        count += 1\n        # missing n -= 5\n    return count,Common mistake in decrement loops (CodeNet/Codeforces),n is not updated,2,Determine how many times 5 fits into n,"def count_subtract_5_buggy(num):
    answer = 0
    while not num < 5:
        answer += 1
    return answer"
Count how many times 5 can be subtracted from n,def count_subtract_5_buggy(n):\n    count = 0\n    while n >= 5:\n        count += 1\n        # missing n -= 5\n    return count,Common mistake in decrement loops (CodeNet/Codeforces),n is not updated,2,calculate the number of times 5 can be taken away from n,"def count_subtract_5_buggy(n):
    count = 0
    while n >= 5:
        count = count + 1
    return count"
Count how many times 5 can be subtracted from n,def count_subtract_5_buggy(n):\n    count = 0\n    while n >= 5:\n        count += 1\n        # missing n -= 5\n    return count,Common mistake in decrement loops (CodeNet/Codeforces),n is not updated,2,calculate the number of times 5 can be taken away from n,"def count_subtract_5_buggy(n):
    c = 0
    while n >= 5:
        c += 1
    return c"
Count how many times 5 can be subtracted from n,def count_subtract_5_buggy(n):\n    count = 0\n    while n >= 5:\n        count += 1\n        # missing n -= 5\n    return count,Common mistake in decrement loops (CodeNet/Codeforces),n is not updated,2,calculate the number of times 5 can be taken away from n,"def count_subtract_5_buggy(n):
    while n >= 5:
        if 'count' not in locals():
            count = 0
        count += 1
    return count"
Count how many times 5 can be subtracted from n,def count_subtract_5_buggy(n):\n    count = 0\n    while n >= 5:\n        count += 1\n        # missing n -= 5\n    return count,Common mistake in decrement loops (CodeNet/Codeforces),n is not updated,2,calculate the number of times 5 can be taken away from n,"def count_subtract_5_buggy(number):
    result = 0
    while number >= 5:
        result = result + 1
    return result"
Count how many times 5 can be subtracted from n,def count_subtract_5_buggy(n):\n    count = 0\n    while n >= 5:\n        count += 1\n        # missing n -= 5\n    return count,Common mistake in decrement loops (CodeNet/Codeforces),n is not updated,2,calculate the number of times 5 can be taken away from n,"def count_subtract_5_buggy(num):
    answer = 0
    while not num < 5:
        answer += 1
    return answer"
Count how many times 5 can be subtracted from n,def count_subtract_5_buggy(n):\n    count = 0\n    while n >= 5:\n        count += 1\n        # missing n -= 5\n    return count,Common mistake in decrement loops (CodeNet/Codeforces),n is not updated,2,find how many times you can subtract 5 from n,"def count_subtract_5_buggy(n):
    count = 0
    while n >= 5:
        count = count + 1
    return count"
Count how many times 5 can be subtracted from n,def count_subtract_5_buggy(n):\n    count = 0\n    while n >= 5:\n        count += 1\n        # missing n -= 5\n    return count,Common mistake in decrement loops (CodeNet/Codeforces),n is not updated,2,find how many times you can subtract 5 from n,"def count_subtract_5_buggy(n):
    c = 0
    while n >= 5:
        c += 1
    return c"
Count how many times 5 can be subtracted from n,def count_subtract_5_buggy(n):\n    count = 0\n    while n >= 5:\n        count += 1\n        # missing n -= 5\n    return count,Common mistake in decrement loops (CodeNet/Codeforces),n is not updated,2,find how many times you can subtract 5 from n,"def count_subtract_5_buggy(n):
    while n >= 5:
        if 'count' not in locals():
            count = 0
        count += 1
    return count"
Count how many times 5 can be subtracted from n,def count_subtract_5_buggy(n):\n    count = 0\n    while n >= 5:\n        count += 1\n        # missing n -= 5\n    return count,Common mistake in decrement loops (CodeNet/Codeforces),n is not updated,2,find how many times you can subtract 5 from n,"def count_subtract_5_buggy(number):
    result = 0
    while number >= 5:
        result = result + 1
    return result"
Count how many times 5 can be subtracted from n,def count_subtract_5_buggy(n):\n    count = 0\n    while n >= 5:\n        count += 1\n        # missing n -= 5\n    return count,Common mistake in decrement loops (CodeNet/Codeforces),n is not updated,2,find how many times you can subtract 5 from n,"def count_subtract_5_buggy(num):
    answer = 0
    while not num < 5:
        answer += 1
    return answer"
Count how many times 5 can be subtracted from n,def count_subtract_5_buggy(n):\n    count = 0\n    while n >= 5:\n        count += 1\n        # missing n -= 5\n    return count,Common mistake in decrement loops (CodeNet/Codeforces),n is not updated,2,identify how many times 5 goes into n by subtraction,"def count_subtract_5_buggy(n):
    count = 0
    while n >= 5:
        count = count + 1
    return count"
Count how many times 5 can be subtracted from n,def count_subtract_5_buggy(n):\n    count = 0\n    while n >= 5:\n        count += 1\n        # missing n -= 5\n    return count,Common mistake in decrement loops (CodeNet/Codeforces),n is not updated,2,identify how many times 5 goes into n by subtraction,"def count_subtract_5_buggy(n):
    c = 0
    while n >= 5:
        c += 1
    return c"
Count how many times 5 can be subtracted from n,def count_subtract_5_buggy(n):\n    count = 0\n    while n >= 5:\n        count += 1\n        # missing n -= 5\n    return count,Common mistake in decrement loops (CodeNet/Codeforces),n is not updated,2,identify how many times 5 goes into n by subtraction,"def count_subtract_5_buggy(n):
    while n >= 5:
        if 'count' not in locals():
            count = 0
        count += 1
    return count"
Count how many times 5 can be subtracted from n,def count_subtract_5_buggy(n):\n    count = 0\n    while n >= 5:\n        count += 1\n        # missing n -= 5\n    return count,Common mistake in decrement loops (CodeNet/Codeforces),n is not updated,2,identify how many times 5 goes into n by subtraction,"def count_subtract_5_buggy(number):
    result = 0
    while number >= 5:
        result = result + 1
    return result"
Count how many times 5 can be subtracted from n,def count_subtract_5_buggy(n):\n    count = 0\n    while n >= 5:\n        count += 1\n        # missing n -= 5\n    return count,Common mistake in decrement loops (CodeNet/Codeforces),n is not updated,2,identify how many times 5 goes into n by subtraction,"def count_subtract_5_buggy(num):
    answer = 0
    while not num < 5:
        answer += 1
    return answer"
Count how many times 5 can be subtracted from n,def count_subtract_5_buggy(n):\n    count = 0\n    while n >= 5:\n        count += 1\n        # missing n -= 5\n    return count,Common mistake in decrement loops (CodeNet/Codeforces),n is not updated,2,compute the number of times 5 may be deducted from n.,"def count_subtract_5_buggy(n):
    count = 0
    while n >= 5:
        count = count + 1
    return count"
Count how many times 5 can be subtracted from n,def count_subtract_5_buggy(n):\n    count = 0\n    while n >= 5:\n        count += 1\n        # missing n -= 5\n    return count,Common mistake in decrement loops (CodeNet/Codeforces),n is not updated,2,compute the number of times 5 may be deducted from n.,"def count_subtract_5_buggy(n):
    c = 0
    while n >= 5:
        c += 1
    return c"
Count how many times 5 can be subtracted from n,def count_subtract_5_buggy(n):\n    count = 0\n    while n >= 5:\n        count += 1\n        # missing n -= 5\n    return count,Common mistake in decrement loops (CodeNet/Codeforces),n is not updated,2,compute the number of times 5 may be deducted from n.,"def count_subtract_5_buggy(n):
    while n >= 5:
        if 'count' not in locals():
            count = 0
        count += 1
    return count"
Count how many times 5 can be subtracted from n,def count_subtract_5_buggy(n):\n    count = 0\n    while n >= 5:\n        count += 1\n        # missing n -= 5\n    return count,Common mistake in decrement loops (CodeNet/Codeforces),n is not updated,2,compute the number of times 5 may be deducted from n.,"def count_subtract_5_buggy(number):
    result = 0
    while number >= 5:
        result = result + 1
    return result"
Count how many times 5 can be subtracted from n,def count_subtract_5_buggy(n):\n    count = 0\n    while n >= 5:\n        count += 1\n        # missing n -= 5\n    return count,Common mistake in decrement loops (CodeNet/Codeforces),n is not updated,2,compute the number of times 5 may be deducted from n.,"def count_subtract_5_buggy(num):
    answer = 0
    while not num < 5:
        answer += 1
    return answer"
Calculate power using while loop,"def power_buggy(base, exp):\n    result = 1\n    i = 0\n    while i < exp:\n        result *= base\n        # missing i += 1\n    return result",Power calculation errors in Codeforces/Python exercises,missing increment of i,2,Compute exponent using a while loop,"def power_buggy(base, exp):
    result = 1
    i = 0
    while i < exp:
        result = result * base
    return result"
Calculate power using while loop,"def power_buggy(base, exp):\n    result = 1\n    i = 0\n    while i < exp:\n        result *= base\n        # missing i += 1\n    return result",Power calculation errors in Codeforces/Python exercises,missing increment of i,2,Compute exponent using a while loop,"def power_buggy(base, exp):
    result = 1
    i = 0
    while i < exp:
        result *= base
    return result"
Calculate power using while loop,"def power_buggy(base, exp):\n    result = 1\n    i = 0\n    while i < exp:\n        result *= base\n        # missing i += 1\n    return result",Power calculation errors in Codeforces/Python exercises,missing increment of i,2,Compute exponent using a while loop,"def power_buggy(base, exp):
    i = 0
    result = 1
    while i < exp:
        base = base * result
    return base"
Calculate power using while loop,"def power_buggy(base, exp):\n    result = 1\n    i = 0\n    while i < exp:\n        result *= base\n        # missing i += 1\n    return result",Power calculation errors in Codeforces/Python exercises,missing increment of i,2,Compute exponent using a while loop,"def power_buggy(base, exp):
    i = 0
    result = 1
    while exp > i:
        result = base * result
    return result"
Calculate power using while loop,"def power_buggy(base, exp):\n    result = 1\n    i = 0\n    while i < exp:\n        result *= base\n        # missing i += 1\n    return result",Power calculation errors in Codeforces/Python exercises,missing increment of i,2,Compute exponent using a while loop,"def power_buggy(base, exp):
    i = 0
    result = 1
    while not(i >= exp):
        result = base * result
    return result"
Calculate power using while loop,"def power_buggy(base, exp):\n    result = 1\n    i = 0\n    while i < exp:\n        result *= base\n        # missing i += 1\n    return result",Power calculation errors in Codeforces/Python exercises,missing increment of i,2,find the power of a number with a while loop,"def power_buggy(base, exp):
    result = 1
    i = 0
    while i < exp:
        result = result * base
    return result"
Calculate power using while loop,"def power_buggy(base, exp):\n    result = 1\n    i = 0\n    while i < exp:\n        result *= base\n        # missing i += 1\n    return result",Power calculation errors in Codeforces/Python exercises,missing increment of i,2,find the power of a number with a while loop,"def power_buggy(base, exp):
    result = 1
    i = 0
    while i < exp:
        result *= base
    return result"
Calculate power using while loop,"def power_buggy(base, exp):\n    result = 1\n    i = 0\n    while i < exp:\n        result *= base\n        # missing i += 1\n    return result",Power calculation errors in Codeforces/Python exercises,missing increment of i,2,find the power of a number with a while loop,"def power_buggy(base, exp):
    i = 0
    result = 1
    while i < exp:
        base = base * result
    return base"
Calculate power using while loop,"def power_buggy(base, exp):\n    result = 1\n    i = 0\n    while i < exp:\n        result *= base\n        # missing i += 1\n    return result",Power calculation errors in Codeforces/Python exercises,missing increment of i,2,find the power of a number with a while loop,"def power_buggy(base, exp):
    i = 0
    result = 1
    while exp > i:
        result = base * result
    return result"
Calculate power using while loop,"def power_buggy(base, exp):\n    result = 1\n    i = 0\n    while i < exp:\n        result *= base\n        # missing i += 1\n    return result",Power calculation errors in Codeforces/Python exercises,missing increment of i,2,find the power of a number with a while loop,"def power_buggy(base, exp):
    i = 0
    result = 1
    while not(i >= exp):
        result = base * result
    return result"
Calculate power using while loop,"def power_buggy(base, exp):\n    result = 1\n    i = 0\n    while i < exp:\n        result *= base\n        # missing i += 1\n    return result",Power calculation errors in Codeforces/Python exercises,missing increment of i,2,determine exponentiation via while loop,"def power_buggy(base, exp):
    result = 1
    i = 0
    while i < exp:
        result = result * base
    return result"
Calculate power using while loop,"def power_buggy(base, exp):\n    result = 1\n    i = 0\n    while i < exp:\n        result *= base\n        # missing i += 1\n    return result",Power calculation errors in Codeforces/Python exercises,missing increment of i,2,determine exponentiation via while loop,"def power_buggy(base, exp):
    result = 1
    i = 0
    while i < exp:
        result *= base
    return result"
Calculate power using while loop,"def power_buggy(base, exp):\n    result = 1\n    i = 0\n    while i < exp:\n        result *= base\n        # missing i += 1\n    return result",Power calculation errors in Codeforces/Python exercises,missing increment of i,2,determine exponentiation via while loop,"def power_buggy(base, exp):
    i = 0
    result = 1
    while i < exp:
        base = base * result
    return base"
Calculate power using while loop,"def power_buggy(base, exp):\n    result = 1\n    i = 0\n    while i < exp:\n        result *= base\n        # missing i += 1\n    return result",Power calculation errors in Codeforces/Python exercises,missing increment of i,2,determine exponentiation via while loop,"def power_buggy(base, exp):
    i = 0
    result = 1
    while exp > i:
        result = base * result
    return result"
Calculate power using while loop,"def power_buggy(base, exp):\n    result = 1\n    i = 0\n    while i < exp:\n        result *= base\n        # missing i += 1\n    return result",Power calculation errors in Codeforces/Python exercises,missing increment of i,2,determine exponentiation via while loop,"def power_buggy(base, exp):
    i = 0
    result = 1
    while not(i >= exp):
        result = base * result
    return result"
Calculate power using while loop,"def power_buggy(base, exp):\n    result = 1\n    i = 0\n    while i < exp:\n        result *= base\n        # missing i += 1\n    return result",Power calculation errors in Codeforces/Python exercises,missing increment of i,2,perform power calculation using a while loop,"def power_buggy(base, exp):
    result = 1
    i = 0
    while i < exp:
        result = result * base
    return result"
Calculate power using while loop,"def power_buggy(base, exp):\n    result = 1\n    i = 0\n    while i < exp:\n        result *= base\n        # missing i += 1\n    return result",Power calculation errors in Codeforces/Python exercises,missing increment of i,2,perform power calculation using a while loop,"def power_buggy(base, exp):
    result = 1
    i = 0
    while i < exp:
        result *= base
    return result"
Calculate power using while loop,"def power_buggy(base, exp):\n    result = 1\n    i = 0\n    while i < exp:\n        result *= base\n        # missing i += 1\n    return result",Power calculation errors in Codeforces/Python exercises,missing increment of i,2,perform power calculation using a while loop,"def power_buggy(base, exp):
    i = 0
    result = 1
    while i < exp:
        base = base * result
    return base"
Calculate power using while loop,"def power_buggy(base, exp):\n    result = 1\n    i = 0\n    while i < exp:\n        result *= base\n        # missing i += 1\n    return result",Power calculation errors in Codeforces/Python exercises,missing increment of i,2,perform power calculation using a while loop,"def power_buggy(base, exp):
    i = 0
    result = 1
    while exp > i:
        result = base * result
    return result"
Calculate power using while loop,"def power_buggy(base, exp):\n    result = 1\n    i = 0\n    while i < exp:\n        result *= base\n        # missing i += 1\n    return result",Power calculation errors in Codeforces/Python exercises,missing increment of i,2,perform power calculation using a while loop,"def power_buggy(base, exp):
    i = 0
    result = 1
    while not(i >= exp):
        result = base * result
    return result"
Calculate power using while loop,"def power_buggy(base, exp):\n    result = 1\n    i = 0\n    while i < exp:\n        result *= base\n        # missing i += 1\n    return result",Power calculation errors in Codeforces/Python exercises,missing increment of i,2,implement exponent calculation in a while loop,"def power_buggy(base, exp):
    result = 1
    i = 0
    while i < exp:
        result = result * base
    return result"
Calculate power using while loop,"def power_buggy(base, exp):\n    result = 1\n    i = 0\n    while i < exp:\n        result *= base\n        # missing i += 1\n    return result",Power calculation errors in Codeforces/Python exercises,missing increment of i,2,implement exponent calculation in a while loop,"def power_buggy(base, exp):
    result = 1
    i = 0
    while i < exp:
        result *= base
    return result"
Calculate power using while loop,"def power_buggy(base, exp):\n    result = 1\n    i = 0\n    while i < exp:\n        result *= base\n        # missing i += 1\n    return result",Power calculation errors in Codeforces/Python exercises,missing increment of i,2,implement exponent calculation in a while loop,"def power_buggy(base, exp):
    i = 0
    result = 1
    while i < exp:
        base = base * result
    return base"
Calculate power using while loop,"def power_buggy(base, exp):\n    result = 1\n    i = 0\n    while i < exp:\n        result *= base\n        # missing i += 1\n    return result",Power calculation errors in Codeforces/Python exercises,missing increment of i,2,implement exponent calculation in a while loop,"def power_buggy(base, exp):
    i = 0
    result = 1
    while exp > i:
        result = base * result
    return result"
Calculate power using while loop,"def power_buggy(base, exp):\n    result = 1\n    i = 0\n    while i < exp:\n        result *= base\n        # missing i += 1\n    return result",Power calculation errors in Codeforces/Python exercises,missing increment of i,2,implement exponent calculation in a while loop,"def power_buggy(base, exp):
    i = 0
    result = 1
    while not(i >= exp):
        result = base * result
    return result"
Check if number is perfect,def is_perfect_buggy(n):\n    sum_div = 0\n    divisor = 1\n    while divisor < n:\n        if n % divisor == 0:\n            sum_div = divisor\n        # missing divisor += 1\n    return sum_div == n,"Perfect number mistakes, classic math loops",sum calculation and missing increment,2,Determine if a number is perfect,"def is_perfect_buggy(n):
    sum_div = 0
    divisor = 1
    while divisor < n:
        if not n % divisor:
            sum_div = divisor
        divisor = divisor + 1
    return sum_div == n"
Check if number is perfect,def is_perfect_buggy(n):\n    sum_div = 0\n    divisor = 1\n    while divisor < n:\n        if n % divisor == 0:\n            sum_div = divisor\n        # missing divisor += 1\n    return sum_div == n,"Perfect number mistakes, classic math loops",sum calculation and missing increment,2,test whether a number is a perfect number,"def is_perfect_buggy(n):
    sum_div = 0
    divisor = 1
    while divisor < n:
        if not n % divisor:
            sum_div = divisor
        divisor = divisor + 1
    return sum_div == n"
Check if number is perfect,def is_perfect_buggy(n):\n    sum_div = 0\n    divisor = 1\n    while divisor < n:\n        if n % divisor == 0:\n            sum_div = divisor\n        # missing divisor += 1\n    return sum_div == n,"Perfect number mistakes, classic math loops",sum calculation and missing increment,2,verify if a number qualifies as perfect,"def is_perfect_buggy(n):
    sum_div = 0
    divisor = 1
    while divisor < n:
        if not n % divisor:
            sum_div = divisor
        divisor = divisor + 1
    return sum_div == n"
Check if number is perfect,def is_perfect_buggy(n):\n    sum_div = 0\n    divisor = 1\n    while divisor < n:\n        if n % divisor == 0:\n            sum_div = divisor\n        # missing divisor += 1\n    return sum_div == n,"Perfect number mistakes, classic math loops",sum calculation and missing increment,2,assess if a number is mathematically perfect,"def is_perfect_buggy(n):
    sum_div = 0
    divisor = 1
    while divisor < n:
        if not n % divisor:
            sum_div = divisor
        divisor = divisor + 1
    return sum_div == n"
Check if number is perfect,def is_perfect_buggy(n):\n    sum_div = 0\n    divisor = 1\n    while divisor < n:\n        if n % divisor == 0:\n            sum_div = divisor\n        # missing divisor += 1\n    return sum_div == n,"Perfect number mistakes, classic math loops",sum calculation and missing increment,2,establish if the given number is perfect,"def is_perfect_buggy(n):
    sum_div = 0
    divisor = 1
    while divisor < n:
        if not n % divisor:
            sum_div = divisor
        divisor = divisor + 1
    return sum_div == n"
Convert decimal to binary,def decimal_to_binary_buggy(n):\n    res = ''\n    while n > 0:\n        res = str(n % 2) + res\n        # missing n //= 2\n    return res,"Typical binary conversion loop, Codeforces/CodeNet",n not updated inside the loop,2,Translate decimal into binary,"def decimal_to_binary_buggy(n):
    res = ''
    while n > 0:
        res = str(n % 2) + res
    return res"
Convert decimal to binary,def decimal_to_binary_buggy(n):\n    res = ''\n    while n > 0:\n        res = str(n % 2) + res\n        # missing n //= 2\n    return res,"Typical binary conversion loop, Codeforces/CodeNet",n not updated inside the loop,2,Translate decimal into binary,"def decimal_to_binary_buggy(m):
    s = ''
    while m:
        s = s + str(m & 1) if s == '' else str(m & 1) + s
    return s"
Convert decimal to binary,def decimal_to_binary_buggy(n):\n    res = ''\n    while n > 0:\n        res = str(n % 2) + res\n        # missing n //= 2\n    return res,"Typical binary conversion loop, Codeforces/CodeNet",n not updated inside the loop,2,Translate decimal into binary,"def decimal_to_binary_buggy(x):
    binary = ''
    while x:
        binary = '{}{}'.format(x % 2, binary)
    return binary"
Convert decimal to binary,def decimal_to_binary_buggy(n):\n    res = ''\n    while n > 0:\n        res = str(n % 2) + res\n        # missing n //= 2\n    return res,"Typical binary conversion loop, Codeforces/CodeNet",n not updated inside the loop,2,Translate decimal into binary,"def decimal_to_binary_buggy(num):
    out = ''
    while num > 0:
        out = str(bool(num & 1) * 1) + out
    return out"
Convert decimal to binary,def decimal_to_binary_buggy(n):\n    res = ''\n    while n > 0:\n        res = str(n % 2) + res\n        # missing n //= 2\n    return res,"Typical binary conversion loop, Codeforces/CodeNet",n not updated inside the loop,2,Translate decimal into binary,"def decimal_to_binary_buggy(value):
    result = ''
    while value:
        digit = value - 2 * (value // 2)
        result = str(digit) + result
    return result"
Convert decimal to binary,def decimal_to_binary_buggy(n):\n    res = ''\n    while n > 0:\n        res = str(n % 2) + res\n        # missing n //= 2\n    return res,"Typical binary conversion loop, Codeforces/CodeNet",n not updated inside the loop,2,change decimal numbers to binary,"def decimal_to_binary_buggy(n):
    res = ''
    while n > 0:
        res = str(n % 2) + res
    return res"
Convert decimal to binary,def decimal_to_binary_buggy(n):\n    res = ''\n    while n > 0:\n        res = str(n % 2) + res\n        # missing n //= 2\n    return res,"Typical binary conversion loop, Codeforces/CodeNet",n not updated inside the loop,2,change decimal numbers to binary,"def decimal_to_binary_buggy(m):
    s = ''
    while m:
        s = s + str(m & 1) if s == '' else str(m & 1) + s
    return s"
Convert decimal to binary,def decimal_to_binary_buggy(n):\n    res = ''\n    while n > 0:\n        res = str(n % 2) + res\n        # missing n //= 2\n    return res,"Typical binary conversion loop, Codeforces/CodeNet",n not updated inside the loop,2,change decimal numbers to binary,"def decimal_to_binary_buggy(x):
    binary = ''
    while x:
        binary = '{}{}'.format(x % 2, binary)
    return binary"
Convert decimal to binary,def decimal_to_binary_buggy(n):\n    res = ''\n    while n > 0:\n        res = str(n % 2) + res\n        # missing n //= 2\n    return res,"Typical binary conversion loop, Codeforces/CodeNet",n not updated inside the loop,2,change decimal numbers to binary,"def decimal_to_binary_buggy(num):
    out = ''
    while num > 0:
        out = str(bool(num & 1) * 1) + out
    return out"
Convert decimal to binary,def decimal_to_binary_buggy(n):\n    res = ''\n    while n > 0:\n        res = str(n % 2) + res\n        # missing n //= 2\n    return res,"Typical binary conversion loop, Codeforces/CodeNet",n not updated inside the loop,2,change decimal numbers to binary,"def decimal_to_binary_buggy(value):
    result = ''
    while value:
        digit = value - 2 * (value // 2)
        result = str(digit) + result
    return result"
Convert decimal to binary,def decimal_to_binary_buggy(n):\n    res = ''\n    while n > 0:\n        res = str(n % 2) + res\n        # missing n //= 2\n    return res,"Typical binary conversion loop, Codeforces/CodeNet",n not updated inside the loop,2,convert base 10 to base 2,"def decimal_to_binary_buggy(n):
    res = ''
    while n > 0:
        res = str(n % 2) + res
    return res"
Convert decimal to binary,def decimal_to_binary_buggy(n):\n    res = ''\n    while n > 0:\n        res = str(n % 2) + res\n        # missing n //= 2\n    return res,"Typical binary conversion loop, Codeforces/CodeNet",n not updated inside the loop,2,convert base 10 to base 2,"def decimal_to_binary_buggy(m):
    s = ''
    while m:
        s = s + str(m & 1) if s == '' else str(m & 1) + s
    return s"
Convert decimal to binary,def decimal_to_binary_buggy(n):\n    res = ''\n    while n > 0:\n        res = str(n % 2) + res\n        # missing n //= 2\n    return res,"Typical binary conversion loop, Codeforces/CodeNet",n not updated inside the loop,2,convert base 10 to base 2,"def decimal_to_binary_buggy(x):
    binary = ''
    while x:
        binary = '{}{}'.format(x % 2, binary)
    return binary"
Convert decimal to binary,def decimal_to_binary_buggy(n):\n    res = ''\n    while n > 0:\n        res = str(n % 2) + res\n        # missing n //= 2\n    return res,"Typical binary conversion loop, Codeforces/CodeNet",n not updated inside the loop,2,convert base 10 to base 2,"def decimal_to_binary_buggy(num):
    out = ''
    while num > 0:
        out = str(bool(num & 1) * 1) + out
    return out"
Convert decimal to binary,def decimal_to_binary_buggy(n):\n    res = ''\n    while n > 0:\n        res = str(n % 2) + res\n        # missing n //= 2\n    return res,"Typical binary conversion loop, Codeforces/CodeNet",n not updated inside the loop,2,convert base 10 to base 2,"def decimal_to_binary_buggy(value):
    result = ''
    while value:
        digit = value - 2 * (value // 2)
        result = str(digit) + result
    return result"
Convert decimal to binary,def decimal_to_binary_buggy(n):\n    res = ''\n    while n > 0:\n        res = str(n % 2) + res\n        # missing n //= 2\n    return res,"Typical binary conversion loop, Codeforces/CodeNet",n not updated inside the loop,2,transform decimal values to binary,"def decimal_to_binary_buggy(n):
    res = ''
    while n > 0:
        res = str(n % 2) + res
    return res"
Convert decimal to binary,def decimal_to_binary_buggy(n):\n    res = ''\n    while n > 0:\n        res = str(n % 2) + res\n        # missing n //= 2\n    return res,"Typical binary conversion loop, Codeforces/CodeNet",n not updated inside the loop,2,transform decimal values to binary,"def decimal_to_binary_buggy(m):
    s = ''
    while m:
        s = s + str(m & 1) if s == '' else str(m & 1) + s
    return s"
Convert decimal to binary,def decimal_to_binary_buggy(n):\n    res = ''\n    while n > 0:\n        res = str(n % 2) + res\n        # missing n //= 2\n    return res,"Typical binary conversion loop, Codeforces/CodeNet",n not updated inside the loop,2,transform decimal values to binary,"def decimal_to_binary_buggy(x):
    binary = ''
    while x:
        binary = '{}{}'.format(x % 2, binary)
    return binary"
Convert decimal to binary,def decimal_to_binary_buggy(n):\n    res = ''\n    while n > 0:\n        res = str(n % 2) + res\n        # missing n //= 2\n    return res,"Typical binary conversion loop, Codeforces/CodeNet",n not updated inside the loop,2,transform decimal values to binary,"def decimal_to_binary_buggy(num):
    out = ''
    while num > 0:
        out = str(bool(num & 1) * 1) + out
    return out"
Convert decimal to binary,def decimal_to_binary_buggy(n):\n    res = ''\n    while n > 0:\n        res = str(n % 2) + res\n        # missing n //= 2\n    return res,"Typical binary conversion loop, Codeforces/CodeNet",n not updated inside the loop,2,transform decimal values to binary,"def decimal_to_binary_buggy(value):
    result = ''
    while value:
        digit = value - 2 * (value // 2)
        result = str(digit) + result
    return result"
Convert decimal to binary,def decimal_to_binary_buggy(n):\n    res = ''\n    while n > 0:\n        res = str(n % 2) + res\n        # missing n //= 2\n    return res,"Typical binary conversion loop, Codeforces/CodeNet",n not updated inside the loop,2,switch decimal format to binary,"def decimal_to_binary_buggy(n):
    res = ''
    while n > 0:
        res = str(n % 2) + res
    return res"
Convert decimal to binary,def decimal_to_binary_buggy(n):\n    res = ''\n    while n > 0:\n        res = str(n % 2) + res\n        # missing n //= 2\n    return res,"Typical binary conversion loop, Codeforces/CodeNet",n not updated inside the loop,2,switch decimal format to binary,"def decimal_to_binary_buggy(m):
    s = ''
    while m:
        s = s + str(m & 1) if s == '' else str(m & 1) + s
    return s"
Convert decimal to binary,def decimal_to_binary_buggy(n):\n    res = ''\n    while n > 0:\n        res = str(n % 2) + res\n        # missing n //= 2\n    return res,"Typical binary conversion loop, Codeforces/CodeNet",n not updated inside the loop,2,switch decimal format to binary,"def decimal_to_binary_buggy(x):
    binary = ''
    while x:
        binary = '{}{}'.format(x % 2, binary)
    return binary"
Convert decimal to binary,def decimal_to_binary_buggy(n):\n    res = ''\n    while n > 0:\n        res = str(n % 2) + res\n        # missing n //= 2\n    return res,"Typical binary conversion loop, Codeforces/CodeNet",n not updated inside the loop,2,switch decimal format to binary,"def decimal_to_binary_buggy(num):
    out = ''
    while num > 0:
        out = str(bool(num & 1) * 1) + out
    return out"
Convert decimal to binary,def decimal_to_binary_buggy(n):\n    res = ''\n    while n > 0:\n        res = str(n % 2) + res\n        # missing n //= 2\n    return res,"Typical binary conversion loop, Codeforces/CodeNet",n not updated inside the loop,2,switch decimal format to binary,"def decimal_to_binary_buggy(value):
    result = ''
    while value:
        digit = value - 2 * (value // 2)
        result = str(digit) + result
    return result"
Print items in list until negative is found,def print_until_negative_buggy(lst):\n    i = 0\n    while i < len(lst):\n        print(lst[i])\n        break\n        if lst[i] < 0:\n            break\n        i += 1,Inspired by control-flow misplacement from Python lists tutorials,break outside the if block,2,Print values from the list until a negative number appears,"def print_until_negative_buggy(lst):
    i = 0
    while not (i >= len(lst)):
        print(lst[i])
        break
        if lst[i] < 0:
            break
        i = i + 1"
Print items in list until negative is found,def print_until_negative_buggy(lst):\n    i = 0\n    while i < len(lst):\n        print(lst[i])\n        break\n        if lst[i] < 0:\n            break\n        i += 1,Inspired by control-flow misplacement from Python lists tutorials,break outside the if block,2,Print values from the list until a negative number appears,"def print_until_negative_buggy(lst):
    idx = 0
    while idx != len(lst):
        print(lst[idx])
        break
        if lst[idx] < 0:
            break
        idx += 1"
Print items in list until negative is found,def print_until_negative_buggy(lst):\n    i = 0\n    while i < len(lst):\n        print(lst[i])\n        break\n        if lst[i] < 0:\n            break\n        i += 1,Inspired by control-flow misplacement from Python lists tutorials,break outside the if block,2,Print values from the list until a negative number appears,"def print_until_negative_buggy(lst):
    counter = 0
    while len(lst) > counter:
        print(lst[counter])
        break
        if lst[counter] < 0:
            break
        counter = counter + 1"
Print items in list until negative is found,def print_until_negative_buggy(lst):\n    i = 0\n    while i < len(lst):\n        print(lst[i])\n        break\n        if lst[i] < 0:\n            break\n        i += 1,Inspired by control-flow misplacement from Python lists tutorials,break outside the if block,2,Print values from the list until a negative number appears,"def print_until_negative_buggy(lst):
    i = 0
    while i < len(lst):
        print(lst[i])
        break
        if not lst[i] >= 0:
            break
        i += 1"
Print items in list until negative is found,def print_until_negative_buggy(lst):\n    i = 0\n    while i < len(lst):\n        print(lst[i])\n        break\n        if lst[i] < 0:\n            break\n        i += 1,Inspired by control-flow misplacement from Python lists tutorials,break outside the if block,2,Print values from the list until a negative number appears,"def print_until_negative_buggy(lst):
    position = 0
    while position < len(lst):
        print(lst[position])
        break
        if lst[position] < 0:
            break
        position += 1"
Print items in list until negative is found,def print_until_negative_buggy(lst):\n    i = 0\n    while i < len(lst):\n        print(lst[i])\n        break\n        if lst[i] < 0:\n            break\n        i += 1,Inspired by control-flow misplacement from Python lists tutorials,break outside the if block,2,display list elements up to the first negative entry,"def print_until_negative_buggy(lst):
    i = 0
    while not (i >= len(lst)):
        print(lst[i])
        break
        if lst[i] < 0:
            break
        i = i + 1"
Print items in list until negative is found,def print_until_negative_buggy(lst):\n    i = 0\n    while i < len(lst):\n        print(lst[i])\n        break\n        if lst[i] < 0:\n            break\n        i += 1,Inspired by control-flow misplacement from Python lists tutorials,break outside the if block,2,display list elements up to the first negative entry,"def print_until_negative_buggy(lst):
    idx = 0
    while idx != len(lst):
        print(lst[idx])
        break
        if lst[idx] < 0:
            break
        idx += 1"
Print items in list until negative is found,def print_until_negative_buggy(lst):\n    i = 0\n    while i < len(lst):\n        print(lst[i])\n        break\n        if lst[i] < 0:\n            break\n        i += 1,Inspired by control-flow misplacement from Python lists tutorials,break outside the if block,2,display list elements up to the first negative entry,"def print_until_negative_buggy(lst):
    counter = 0
    while len(lst) > counter:
        print(lst[counter])
        break
        if lst[counter] < 0:
            break
        counter = counter + 1"
Print items in list until negative is found,def print_until_negative_buggy(lst):\n    i = 0\n    while i < len(lst):\n        print(lst[i])\n        break\n        if lst[i] < 0:\n            break\n        i += 1,Inspired by control-flow misplacement from Python lists tutorials,break outside the if block,2,display list elements up to the first negative entry,"def print_until_negative_buggy(lst):
    i = 0
    while i < len(lst):
        print(lst[i])
        break
        if not lst[i] >= 0:
            break
        i += 1"
Print items in list until negative is found,def print_until_negative_buggy(lst):\n    i = 0\n    while i < len(lst):\n        print(lst[i])\n        break\n        if lst[i] < 0:\n            break\n        i += 1,Inspired by control-flow misplacement from Python lists tutorials,break outside the if block,2,display list elements up to the first negative entry,"def print_until_negative_buggy(lst):
    position = 0
    while position < len(lst):
        print(lst[position])
        break
        if lst[position] < 0:
            break
        position += 1"
Print items in list until negative is found,def print_until_negative_buggy(lst):\n    i = 0\n    while i < len(lst):\n        print(lst[i])\n        break\n        if lst[i] < 0:\n            break\n        i += 1,Inspired by control-flow misplacement from Python lists tutorials,break outside the if block,2,show items in a list one by one until encountering a negative,"def print_until_negative_buggy(lst):
    i = 0
    while not (i >= len(lst)):
        print(lst[i])
        break
        if lst[i] < 0:
            break
        i = i + 1"
Print items in list until negative is found,def print_until_negative_buggy(lst):\n    i = 0\n    while i < len(lst):\n        print(lst[i])\n        break\n        if lst[i] < 0:\n            break\n        i += 1,Inspired by control-flow misplacement from Python lists tutorials,break outside the if block,2,show items in a list one by one until encountering a negative,"def print_until_negative_buggy(lst):
    idx = 0
    while idx != len(lst):
        print(lst[idx])
        break
        if lst[idx] < 0:
            break
        idx += 1"
Print items in list until negative is found,def print_until_negative_buggy(lst):\n    i = 0\n    while i < len(lst):\n        print(lst[i])\n        break\n        if lst[i] < 0:\n            break\n        i += 1,Inspired by control-flow misplacement from Python lists tutorials,break outside the if block,2,show items in a list one by one until encountering a negative,"def print_until_negative_buggy(lst):
    counter = 0
    while len(lst) > counter:
        print(lst[counter])
        break
        if lst[counter] < 0:
            break
        counter = counter + 1"
Print items in list until negative is found,def print_until_negative_buggy(lst):\n    i = 0\n    while i < len(lst):\n        print(lst[i])\n        break\n        if lst[i] < 0:\n            break\n        i += 1,Inspired by control-flow misplacement from Python lists tutorials,break outside the if block,2,show items in a list one by one until encountering a negative,"def print_until_negative_buggy(lst):
    i = 0
    while i < len(lst):
        print(lst[i])
        break
        if not lst[i] >= 0:
            break
        i += 1"
Print items in list until negative is found,def print_until_negative_buggy(lst):\n    i = 0\n    while i < len(lst):\n        print(lst[i])\n        break\n        if lst[i] < 0:\n            break\n        i += 1,Inspired by control-flow misplacement from Python lists tutorials,break outside the if block,2,show items in a list one by one until encountering a negative,"def print_until_negative_buggy(lst):
    position = 0
    while position < len(lst):
        print(lst[position])
        break
        if lst[position] < 0:
            break
        position += 1"
Print items in list until negative is found,def print_until_negative_buggy(lst):\n    i = 0\n    while i < len(lst):\n        print(lst[i])\n        break\n        if lst[i] < 0:\n            break\n        i += 1,Inspired by control-flow misplacement from Python lists tutorials,break outside the if block,2,output each item in the list until a negative value is reached,"def print_until_negative_buggy(lst):
    i = 0
    while not (i >= len(lst)):
        print(lst[i])
        break
        if lst[i] < 0:
            break
        i = i + 1"
Print items in list until negative is found,def print_until_negative_buggy(lst):\n    i = 0\n    while i < len(lst):\n        print(lst[i])\n        break\n        if lst[i] < 0:\n            break\n        i += 1,Inspired by control-flow misplacement from Python lists tutorials,break outside the if block,2,output each item in the list until a negative value is reached,"def print_until_negative_buggy(lst):
    idx = 0
    while idx != len(lst):
        print(lst[idx])
        break
        if lst[idx] < 0:
            break
        idx += 1"
Print items in list until negative is found,def print_until_negative_buggy(lst):\n    i = 0\n    while i < len(lst):\n        print(lst[i])\n        break\n        if lst[i] < 0:\n            break\n        i += 1,Inspired by control-flow misplacement from Python lists tutorials,break outside the if block,2,output each item in the list until a negative value is reached,"def print_until_negative_buggy(lst):
    counter = 0
    while len(lst) > counter:
        print(lst[counter])
        break
        if lst[counter] < 0:
            break
        counter = counter + 1"
Print items in list until negative is found,def print_until_negative_buggy(lst):\n    i = 0\n    while i < len(lst):\n        print(lst[i])\n        break\n        if lst[i] < 0:\n            break\n        i += 1,Inspired by control-flow misplacement from Python lists tutorials,break outside the if block,2,output each item in the list until a negative value is reached,"def print_until_negative_buggy(lst):
    i = 0
    while i < len(lst):
        print(lst[i])
        break
        if not lst[i] >= 0:
            break
        i += 1"
Print items in list until negative is found,def print_until_negative_buggy(lst):\n    i = 0\n    while i < len(lst):\n        print(lst[i])\n        break\n        if lst[i] < 0:\n            break\n        i += 1,Inspired by control-flow misplacement from Python lists tutorials,break outside the if block,2,output each item in the list until a negative value is reached,"def print_until_negative_buggy(lst):
    position = 0
    while position < len(lst):
        print(lst[position])
        break
        if lst[position] < 0:
            break
        position += 1"
Print items in list until negative is found,def print_until_negative_buggy(lst):\n    i = 0\n    while i < len(lst):\n        print(lst[i])\n        break\n        if lst[i] < 0:\n            break\n        i += 1,Inspired by control-flow misplacement from Python lists tutorials,break outside the if block,2,list all elements before a negative is found[1][3].,"def print_until_negative_buggy(lst):
    i = 0
    while not (i >= len(lst)):
        print(lst[i])
        break
        if lst[i] < 0:
            break
        i = i + 1"
Print items in list until negative is found,def print_until_negative_buggy(lst):\n    i = 0\n    while i < len(lst):\n        print(lst[i])\n        break\n        if lst[i] < 0:\n            break\n        i += 1,Inspired by control-flow misplacement from Python lists tutorials,break outside the if block,2,list all elements before a negative is found[1][3].,"def print_until_negative_buggy(lst):
    idx = 0
    while idx != len(lst):
        print(lst[idx])
        break
        if lst[idx] < 0:
            break
        idx += 1"
Print items in list until negative is found,def print_until_negative_buggy(lst):\n    i = 0\n    while i < len(lst):\n        print(lst[i])\n        break\n        if lst[i] < 0:\n            break\n        i += 1,Inspired by control-flow misplacement from Python lists tutorials,break outside the if block,2,list all elements before a negative is found[1][3].,"def print_until_negative_buggy(lst):
    counter = 0
    while len(lst) > counter:
        print(lst[counter])
        break
        if lst[counter] < 0:
            break
        counter = counter + 1"
Print items in list until negative is found,def print_until_negative_buggy(lst):\n    i = 0\n    while i < len(lst):\n        print(lst[i])\n        break\n        if lst[i] < 0:\n            break\n        i += 1,Inspired by control-flow misplacement from Python lists tutorials,break outside the if block,2,list all elements before a negative is found[1][3].,"def print_until_negative_buggy(lst):
    i = 0
    while i < len(lst):
        print(lst[i])
        break
        if not lst[i] >= 0:
            break
        i += 1"
Print items in list until negative is found,def print_until_negative_buggy(lst):\n    i = 0\n    while i < len(lst):\n        print(lst[i])\n        break\n        if lst[i] < 0:\n            break\n        i += 1,Inspired by control-flow misplacement from Python lists tutorials,break outside the if block,2,list all elements before a negative is found[1][3].,"def print_until_negative_buggy(lst):
    position = 0
    while position < len(lst):
        print(lst[position])
        break
        if lst[position] < 0:
            break
        position += 1"
Count multiples of 3 up to n,def count_mult_3_buggy(n):\n    i = 1\n    count = 0\n    while i <= n:\n        if i % 3 == 0:\n            pass\n        i += 1\n    return count,"Loops with missed accumulation, typical in beginners",count never updated,2,Count the number of integers divisible by 3 from 1 to n,"def count_mult_3_buggy(n):
    count = 0
    i = 1
    while n >= i:
        if not i % 3:
            pass
        i += 1
    return count"
Count multiples of 3 up to n,def count_mult_3_buggy(n):\n    i = 1\n    count = 0\n    while i <= n:\n        if i % 3 == 0:\n            pass\n        i += 1\n    return count,"Loops with missed accumulation, typical in beginners",count never updated,2,Count the number of integers divisible by 3 from 1 to n,"def count_mult_3_buggy(n):
    i = 0
    count = 0
    while i < n:
        if (i + 1) % 3 == 0:
            pass
        i += 1
    return count"
Count multiples of 3 up to n,def count_mult_3_buggy(n):\n    i = 1\n    count = 0\n    while i <= n:\n        if i % 3 == 0:\n            pass\n        i += 1\n    return count,"Loops with missed accumulation, typical in beginners",count never updated,2,Count the number of integers divisible by 3 from 1 to n,"def count_mult_3_buggy(n):
    i = 1
    count = 0
    while True:
        if i > n:
            break
        if i % 3 == False:
            pass
        i += 1
    return count"
Count multiples of 3 up to n,def count_mult_3_buggy(n):\n    i = 1\n    count = 0\n    while i <= n:\n        if i % 3 == 0:\n            pass\n        i += 1\n    return count,"Loops with missed accumulation, typical in beginners",count never updated,2,Count the number of integers divisible by 3 from 1 to n,"def count_mult_3_buggy(n):
    count = 0
    i = 1
    while i <= n:
        if (i % 3) is 0:
            pass
        i = i + 1
    return count"
Count multiples of 3 up to n,def count_mult_3_buggy(n):\n    i = 1\n    count = 0\n    while i <= n:\n        if i % 3 == 0:\n            pass\n        i += 1\n    return count,"Loops with missed accumulation, typical in beginners",count never updated,2,Count the number of integers divisible by 3 from 1 to n,"def count_mult_3_buggy(n):
    count = 0
    i = n
    while i >= 1:
        if i % 3 == 0:
            pass
        i -= 1
    return count"
Count multiples of 3 up to n,def count_mult_3_buggy(n):\n    i = 1\n    count = 0\n    while i <= n:\n        if i % 3 == 0:\n            pass\n        i += 1\n    return count,"Loops with missed accumulation, typical in beginners",count never updated,2,find how many numbers up to n are multiples of 3,"def count_mult_3_buggy(n):
    count = 0
    i = 1
    while n >= i:
        if not i % 3:
            pass
        i += 1
    return count"
Count multiples of 3 up to n,def count_mult_3_buggy(n):\n    i = 1\n    count = 0\n    while i <= n:\n        if i % 3 == 0:\n            pass\n        i += 1\n    return count,"Loops with missed accumulation, typical in beginners",count never updated,2,find how many numbers up to n are multiples of 3,"def count_mult_3_buggy(n):
    i = 0
    count = 0
    while i < n:
        if (i + 1) % 3 == 0:
            pass
        i += 1
    return count"
Count multiples of 3 up to n,def count_mult_3_buggy(n):\n    i = 1\n    count = 0\n    while i <= n:\n        if i % 3 == 0:\n            pass\n        i += 1\n    return count,"Loops with missed accumulation, typical in beginners",count never updated,2,find how many numbers up to n are multiples of 3,"def count_mult_3_buggy(n):
    i = 1
    count = 0
    while True:
        if i > n:
            break
        if i % 3 == False:
            pass
        i += 1
    return count"
Count multiples of 3 up to n,def count_mult_3_buggy(n):\n    i = 1\n    count = 0\n    while i <= n:\n        if i % 3 == 0:\n            pass\n        i += 1\n    return count,"Loops with missed accumulation, typical in beginners",count never updated,2,find how many numbers up to n are multiples of 3,"def count_mult_3_buggy(n):
    count = 0
    i = 1
    while i <= n:
        if (i % 3) is 0:
            pass
        i = i + 1
    return count"
Count multiples of 3 up to n,def count_mult_3_buggy(n):\n    i = 1\n    count = 0\n    while i <= n:\n        if i % 3 == 0:\n            pass\n        i += 1\n    return count,"Loops with missed accumulation, typical in beginners",count never updated,2,find how many numbers up to n are multiples of 3,"def count_mult_3_buggy(n):
    count = 0
    i = n
    while i >= 1:
        if i % 3 == 0:
            pass
        i -= 1
    return count"
Count multiples of 3 up to n,def count_mult_3_buggy(n):\n    i = 1\n    count = 0\n    while i <= n:\n        if i % 3 == 0:\n            pass\n        i += 1\n    return count,"Loops with missed accumulation, typical in beginners",count never updated,2,determine the quantity of multiples of 3 less than or equal to n,"def count_mult_3_buggy(n):
    count = 0
    i = 1
    while n >= i:
        if not i % 3:
            pass
        i += 1
    return count"
Count multiples of 3 up to n,def count_mult_3_buggy(n):\n    i = 1\n    count = 0\n    while i <= n:\n        if i % 3 == 0:\n            pass\n        i += 1\n    return count,"Loops with missed accumulation, typical in beginners",count never updated,2,determine the quantity of multiples of 3 less than or equal to n,"def count_mult_3_buggy(n):
    i = 0
    count = 0
    while i < n:
        if (i + 1) % 3 == 0:
            pass
        i += 1
    return count"
Count multiples of 3 up to n,def count_mult_3_buggy(n):\n    i = 1\n    count = 0\n    while i <= n:\n        if i % 3 == 0:\n            pass\n        i += 1\n    return count,"Loops with missed accumulation, typical in beginners",count never updated,2,determine the quantity of multiples of 3 less than or equal to n,"def count_mult_3_buggy(n):
    i = 1
    count = 0
    while True:
        if i > n:
            break
        if i % 3 == False:
            pass
        i += 1
    return count"
Count multiples of 3 up to n,def count_mult_3_buggy(n):\n    i = 1\n    count = 0\n    while i <= n:\n        if i % 3 == 0:\n            pass\n        i += 1\n    return count,"Loops with missed accumulation, typical in beginners",count never updated,2,determine the quantity of multiples of 3 less than or equal to n,"def count_mult_3_buggy(n):
    count = 0
    i = 1
    while i <= n:
        if (i % 3) is 0:
            pass
        i = i + 1
    return count"
Count multiples of 3 up to n,def count_mult_3_buggy(n):\n    i = 1\n    count = 0\n    while i <= n:\n        if i % 3 == 0:\n            pass\n        i += 1\n    return count,"Loops with missed accumulation, typical in beginners",count never updated,2,determine the quantity of multiples of 3 less than or equal to n,"def count_mult_3_buggy(n):
    count = 0
    i = n
    while i >= 1:
        if i % 3 == 0:
            pass
        i -= 1
    return count"
Count multiples of 3 up to n,def count_mult_3_buggy(n):\n    i = 1\n    count = 0\n    while i <= n:\n        if i % 3 == 0:\n            pass\n        i += 1\n    return count,"Loops with missed accumulation, typical in beginners",count never updated,2,calculate the total of numbers up to n that are divisible by 3,"def count_mult_3_buggy(n):
    count = 0
    i = 1
    while n >= i:
        if not i % 3:
            pass
        i += 1
    return count"
Count multiples of 3 up to n,def count_mult_3_buggy(n):\n    i = 1\n    count = 0\n    while i <= n:\n        if i % 3 == 0:\n            pass\n        i += 1\n    return count,"Loops with missed accumulation, typical in beginners",count never updated,2,calculate the total of numbers up to n that are divisible by 3,"def count_mult_3_buggy(n):
    i = 0
    count = 0
    while i < n:
        if (i + 1) % 3 == 0:
            pass
        i += 1
    return count"
Count multiples of 3 up to n,def count_mult_3_buggy(n):\n    i = 1\n    count = 0\n    while i <= n:\n        if i % 3 == 0:\n            pass\n        i += 1\n    return count,"Loops with missed accumulation, typical in beginners",count never updated,2,calculate the total of numbers up to n that are divisible by 3,"def count_mult_3_buggy(n):
    i = 1
    count = 0
    while True:
        if i > n:
            break
        if i % 3 == False:
            pass
        i += 1
    return count"
Count multiples of 3 up to n,def count_mult_3_buggy(n):\n    i = 1\n    count = 0\n    while i <= n:\n        if i % 3 == 0:\n            pass\n        i += 1\n    return count,"Loops with missed accumulation, typical in beginners",count never updated,2,calculate the total of numbers up to n that are divisible by 3,"def count_mult_3_buggy(n):
    count = 0
    i = 1
    while i <= n:
        if (i % 3) is 0:
            pass
        i = i + 1
    return count"
Count multiples of 3 up to n,def count_mult_3_buggy(n):\n    i = 1\n    count = 0\n    while i <= n:\n        if i % 3 == 0:\n            pass\n        i += 1\n    return count,"Loops with missed accumulation, typical in beginners",count never updated,2,calculate the total of numbers up to n that are divisible by 3,"def count_mult_3_buggy(n):
    count = 0
    i = n
    while i >= 1:
        if i % 3 == 0:
            pass
        i -= 1
    return count"
Count multiples of 3 up to n,def count_mult_3_buggy(n):\n    i = 1\n    count = 0\n    while i <= n:\n        if i % 3 == 0:\n            pass\n        i += 1\n    return count,"Loops with missed accumulation, typical in beginners",count never updated,2,compute how many values between 1 and n are multiples of 3,"def count_mult_3_buggy(n):
    count = 0
    i = 1
    while n >= i:
        if not i % 3:
            pass
        i += 1
    return count"
Count multiples of 3 up to n,def count_mult_3_buggy(n):\n    i = 1\n    count = 0\n    while i <= n:\n        if i % 3 == 0:\n            pass\n        i += 1\n    return count,"Loops with missed accumulation, typical in beginners",count never updated,2,compute how many values between 1 and n are multiples of 3,"def count_mult_3_buggy(n):
    i = 0
    count = 0
    while i < n:
        if (i + 1) % 3 == 0:
            pass
        i += 1
    return count"
Count multiples of 3 up to n,def count_mult_3_buggy(n):\n    i = 1\n    count = 0\n    while i <= n:\n        if i % 3 == 0:\n            pass\n        i += 1\n    return count,"Loops with missed accumulation, typical in beginners",count never updated,2,compute how many values between 1 and n are multiples of 3,"def count_mult_3_buggy(n):
    i = 1
    count = 0
    while True:
        if i > n:
            break
        if i % 3 == False:
            pass
        i += 1
    return count"
Count multiples of 3 up to n,def count_mult_3_buggy(n):\n    i = 1\n    count = 0\n    while i <= n:\n        if i % 3 == 0:\n            pass\n        i += 1\n    return count,"Loops with missed accumulation, typical in beginners",count never updated,2,compute how many values between 1 and n are multiples of 3,"def count_mult_3_buggy(n):
    count = 0
    i = 1
    while i <= n:
        if (i % 3) is 0:
            pass
        i = i + 1
    return count"
Count multiples of 3 up to n,def count_mult_3_buggy(n):\n    i = 1\n    count = 0\n    while i <= n:\n        if i % 3 == 0:\n            pass\n        i += 1\n    return count,"Loops with missed accumulation, typical in beginners",count never updated,2,compute how many values between 1 and n are multiples of 3,"def count_mult_3_buggy(n):
    count = 0
    i = n
    while i >= 1:
        if i % 3 == 0:
            pass
        i -= 1
    return count"
Print odd numbers up to n,def print_odds_buggy(n):\n    i = 1\n    while i <= n:\n        print(i)\n        i += 2\n        i += 1,"Increment logic error, Codeforces/CodeChef",i is incremented incorrectly,2,List all odd numbers up to n,"def print_odds_buggy(n):
    i = 1
    while i <= n:
        print(i)
        i = i + 2
        i = i + 1"
Print odd numbers up to n,def print_odds_buggy(n):\n    i = 1\n    while i <= n:\n        print(i)\n        i += 2\n        i += 1,"Increment logic error, Codeforces/CodeChef",i is incremented incorrectly,2,List all odd numbers up to n,"def print_odds_buggy(n):
    i = 1
    while not (i > n):
        print(i)
        i += 2
        i += 1"
Print odd numbers up to n,def print_odds_buggy(n):\n    i = 1\n    while i <= n:\n        print(i)\n        i += 2\n        i += 1,"Increment logic error, Codeforces/CodeChef",i is incremented incorrectly,2,List all odd numbers up to n,"def print_odds_buggy(n):
    i = 1
    while i <= n:
        print(i)
        i = i + (2 + 1)"
Print odd numbers up to n,def print_odds_buggy(n):\n    i = 1\n    while i <= n:\n        print(i)\n        i += 2\n        i += 1,"Increment logic error, Codeforces/CodeChef",i is incremented incorrectly,2,List all odd numbers up to n,"def print_odds_buggy(n):
    i = 1
    while i <= n:
        print(i)
        i = i + 1
        i = i + 2"
Print odd numbers up to n,def print_odds_buggy(n):\n    i = 1\n    while i <= n:\n        print(i)\n        i += 2\n        i += 1,"Increment logic error, Codeforces/CodeChef",i is incremented incorrectly,2,List all odd numbers up to n,"def print_odds_buggy(n):
    i = 1
    while i <= n:
        print(i)
        i += 3"
Print odd numbers up to n,def print_odds_buggy(n):\n    i = 1\n    while i <= n:\n        print(i)\n        i += 2\n        i += 1,"Increment logic error, Codeforces/CodeChef",i is incremented incorrectly,2,display all odd integers from 1 to n,"def print_odds_buggy(n):
    i = 1
    while i <= n:
        print(i)
        i = i + 2
        i = i + 1"
Print odd numbers up to n,def print_odds_buggy(n):\n    i = 1\n    while i <= n:\n        print(i)\n        i += 2\n        i += 1,"Increment logic error, Codeforces/CodeChef",i is incremented incorrectly,2,display all odd integers from 1 to n,"def print_odds_buggy(n):
    i = 1
    while not (i > n):
        print(i)
        i += 2
        i += 1"
Print odd numbers up to n,def print_odds_buggy(n):\n    i = 1\n    while i <= n:\n        print(i)\n        i += 2\n        i += 1,"Increment logic error, Codeforces/CodeChef",i is incremented incorrectly,2,display all odd integers from 1 to n,"def print_odds_buggy(n):
    i = 1
    while i <= n:
        print(i)
        i = i + (2 + 1)"
Print odd numbers up to n,def print_odds_buggy(n):\n    i = 1\n    while i <= n:\n        print(i)\n        i += 2\n        i += 1,"Increment logic error, Codeforces/CodeChef",i is incremented incorrectly,2,display all odd integers from 1 to n,"def print_odds_buggy(n):
    i = 1
    while i <= n:
        print(i)
        i = i + 1
        i = i + 2"
Print odd numbers up to n,def print_odds_buggy(n):\n    i = 1\n    while i <= n:\n        print(i)\n        i += 2\n        i += 1,"Increment logic error, Codeforces/CodeChef",i is incremented incorrectly,2,display all odd integers from 1 to n,"def print_odds_buggy(n):
    i = 1
    while i <= n:
        print(i)
        i += 3"
Print odd numbers up to n,def print_odds_buggy(n):\n    i = 1\n    while i <= n:\n        print(i)\n        i += 2\n        i += 1,"Increment logic error, Codeforces/CodeChef",i is incremented incorrectly,2,output odd numbers between 1 and n,"def print_odds_buggy(n):
    i = 1
    while i <= n:
        print(i)
        i = i + 2
        i = i + 1"
Print odd numbers up to n,def print_odds_buggy(n):\n    i = 1\n    while i <= n:\n        print(i)\n        i += 2\n        i += 1,"Increment logic error, Codeforces/CodeChef",i is incremented incorrectly,2,output odd numbers between 1 and n,"def print_odds_buggy(n):
    i = 1
    while not (i > n):
        print(i)
        i += 2
        i += 1"
Print odd numbers up to n,def print_odds_buggy(n):\n    i = 1\n    while i <= n:\n        print(i)\n        i += 2\n        i += 1,"Increment logic error, Codeforces/CodeChef",i is incremented incorrectly,2,output odd numbers between 1 and n,"def print_odds_buggy(n):
    i = 1
    while i <= n:
        print(i)
        i = i + (2 + 1)"
Print odd numbers up to n,def print_odds_buggy(n):\n    i = 1\n    while i <= n:\n        print(i)\n        i += 2\n        i += 1,"Increment logic error, Codeforces/CodeChef",i is incremented incorrectly,2,output odd numbers between 1 and n,"def print_odds_buggy(n):
    i = 1
    while i <= n:
        print(i)
        i = i + 1
        i = i + 2"
Print odd numbers up to n,def print_odds_buggy(n):\n    i = 1\n    while i <= n:\n        print(i)\n        i += 2\n        i += 1,"Increment logic error, Codeforces/CodeChef",i is incremented incorrectly,2,output odd numbers between 1 and n,"def print_odds_buggy(n):
    i = 1
    while i <= n:
        print(i)
        i += 3"
Print odd numbers up to n,def print_odds_buggy(n):\n    i = 1\n    while i <= n:\n        print(i)\n        i += 2\n        i += 1,"Increment logic error, Codeforces/CodeChef",i is incremented incorrectly,2,show odd values up to a given number n,"def print_odds_buggy(n):
    i = 1
    while i <= n:
        print(i)
        i = i + 2
        i = i + 1"
Print odd numbers up to n,def print_odds_buggy(n):\n    i = 1\n    while i <= n:\n        print(i)\n        i += 2\n        i += 1,"Increment logic error, Codeforces/CodeChef",i is incremented incorrectly,2,show odd values up to a given number n,"def print_odds_buggy(n):
    i = 1
    while not (i > n):
        print(i)
        i += 2
        i += 1"
Print odd numbers up to n,def print_odds_buggy(n):\n    i = 1\n    while i <= n:\n        print(i)\n        i += 2\n        i += 1,"Increment logic error, Codeforces/CodeChef",i is incremented incorrectly,2,show odd values up to a given number n,"def print_odds_buggy(n):
    i = 1
    while i <= n:
        print(i)
        i = i + (2 + 1)"
Print odd numbers up to n,def print_odds_buggy(n):\n    i = 1\n    while i <= n:\n        print(i)\n        i += 2\n        i += 1,"Increment logic error, Codeforces/CodeChef",i is incremented incorrectly,2,show odd values up to a given number n,"def print_odds_buggy(n):
    i = 1
    while i <= n:
        print(i)
        i = i + 1
        i = i + 2"
Print odd numbers up to n,def print_odds_buggy(n):\n    i = 1\n    while i <= n:\n        print(i)\n        i += 2\n        i += 1,"Increment logic error, Codeforces/CodeChef",i is incremented incorrectly,2,show odd values up to a given number n,"def print_odds_buggy(n):
    i = 1
    while i <= n:
        print(i)
        i += 3"
Print odd numbers up to n,def print_odds_buggy(n):\n    i = 1\n    while i <= n:\n        print(i)\n        i += 2\n        i += 1,"Increment logic error, Codeforces/CodeChef",i is incremented incorrectly,2,generate odd numbers from 1 to n,"def print_odds_buggy(n):
    i = 1
    while i <= n:
        print(i)
        i = i + 2
        i = i + 1"
Print odd numbers up to n,def print_odds_buggy(n):\n    i = 1\n    while i <= n:\n        print(i)\n        i += 2\n        i += 1,"Increment logic error, Codeforces/CodeChef",i is incremented incorrectly,2,generate odd numbers from 1 to n,"def print_odds_buggy(n):
    i = 1
    while not (i > n):
        print(i)
        i += 2
        i += 1"
Print odd numbers up to n,def print_odds_buggy(n):\n    i = 1\n    while i <= n:\n        print(i)\n        i += 2\n        i += 1,"Increment logic error, Codeforces/CodeChef",i is incremented incorrectly,2,generate odd numbers from 1 to n,"def print_odds_buggy(n):
    i = 1
    while i <= n:
        print(i)
        i = i + (2 + 1)"
Print odd numbers up to n,def print_odds_buggy(n):\n    i = 1\n    while i <= n:\n        print(i)\n        i += 2\n        i += 1,"Increment logic error, Codeforces/CodeChef",i is incremented incorrectly,2,generate odd numbers from 1 to n,"def print_odds_buggy(n):
    i = 1
    while i <= n:
        print(i)
        i = i + 1
        i = i + 2"
Print odd numbers up to n,def print_odds_buggy(n):\n    i = 1\n    while i <= n:\n        print(i)\n        i += 2\n        i += 1,"Increment logic error, Codeforces/CodeChef",i is incremented incorrectly,2,generate odd numbers from 1 to n,"def print_odds_buggy(n):
    i = 1
    while i <= n:
        print(i)
        i += 3"
Sum the first n natural numbers,def sum_n_buggy(n):\n    i = 1\n    total = 0\n    while i < n:\n        total += i\n        i += 1\n    return total,"Classic off-by-one loop error, inspired by basic programming tasks",loop condition excludes n,1,Add up the first n counting numbers,"def sum_n_buggy(n):
    total = 0
    i = 1
    while i != n:
        total = total + i
        i = i + 1
    return total"
Sum the first n natural numbers,def sum_n_buggy(n):\n    i = 1\n    total = 0\n    while i < n:\n        total += i\n        i += 1\n    return total,"Classic off-by-one loop error, inspired by basic programming tasks",loop condition excludes n,1,Add up the first n counting numbers,"def sum_n_buggy(n):
    i = 1
    total = 0
    while not (i >= n):
        total += i
        i += 1
    return total"
Sum the first n natural numbers,def sum_n_buggy(n):\n    i = 1\n    total = 0\n    while i < n:\n        total += i\n        i += 1\n    return total,"Classic off-by-one loop error, inspired by basic programming tasks",loop condition excludes n,1,Add up the first n counting numbers,"def sum_n_buggy(n):
    total = 0
    i = 1
    while (i < n) == True:
        total += i
        i += 1
    return total"
Sum the first n natural numbers,def sum_n_buggy(n):\n    i = 1\n    total = 0\n    while i < n:\n        total += i\n        i += 1\n    return total,"Classic off-by-one loop error, inspired by basic programming tasks",loop condition excludes n,1,Add up the first n counting numbers,"def sum_n_buggy(n):
    total = 0
    i = 1
    while i < n:
        i = i + 1
        total = total + (i - 1)
    return total"
Sum the first n natural numbers,def sum_n_buggy(n):\n    i = 1\n    total = 0\n    while i < n:\n        total += i\n        i += 1\n    return total,"Classic off-by-one loop error, inspired by basic programming tasks",loop condition excludes n,1,Add up the first n counting numbers,"def sum_n_buggy(n):
    i = 1
    total = 0
    while i < n:
        i += 1
        total = (i - 1) + total
    return total"
Sum the first n natural numbers,def sum_n_buggy(n):\n    i = 1\n    total = 0\n    while i < n:\n        total += i\n        i += 1\n    return total,"Classic off-by-one loop error, inspired by basic programming tasks",loop condition excludes n,1,calculate the total of the natural numbers from 1 to n,"def sum_n_buggy(n):
    total = 0
    i = 1
    while i != n:
        total = total + i
        i = i + 1
    return total"
Sum the first n natural numbers,def sum_n_buggy(n):\n    i = 1\n    total = 0\n    while i < n:\n        total += i\n        i += 1\n    return total,"Classic off-by-one loop error, inspired by basic programming tasks",loop condition excludes n,1,calculate the total of the natural numbers from 1 to n,"def sum_n_buggy(n):
    i = 1
    total = 0
    while not (i >= n):
        total += i
        i += 1
    return total"
Sum the first n natural numbers,def sum_n_buggy(n):\n    i = 1\n    total = 0\n    while i < n:\n        total += i\n        i += 1\n    return total,"Classic off-by-one loop error, inspired by basic programming tasks",loop condition excludes n,1,calculate the total of the natural numbers from 1 to n,"def sum_n_buggy(n):
    total = 0
    i = 1
    while (i < n) == True:
        total += i
        i += 1
    return total"
Sum the first n natural numbers,def sum_n_buggy(n):\n    i = 1\n    total = 0\n    while i < n:\n        total += i\n        i += 1\n    return total,"Classic off-by-one loop error, inspired by basic programming tasks",loop condition excludes n,1,calculate the total of the natural numbers from 1 to n,"def sum_n_buggy(n):
    total = 0
    i = 1
    while i < n:
        i = i + 1
        total = total + (i - 1)
    return total"
Sum the first n natural numbers,def sum_n_buggy(n):\n    i = 1\n    total = 0\n    while i < n:\n        total += i\n        i += 1\n    return total,"Classic off-by-one loop error, inspired by basic programming tasks",loop condition excludes n,1,calculate the total of the natural numbers from 1 to n,"def sum_n_buggy(n):
    i = 1
    total = 0
    while i < n:
        i += 1
        total = (i - 1) + total
    return total"
Sum the first n natural numbers,def sum_n_buggy(n):\n    i = 1\n    total = 0\n    while i < n:\n        total += i\n        i += 1\n    return total,"Classic off-by-one loop error, inspired by basic programming tasks",loop condition excludes n,1,find the sum of all whole numbers up to n,"def sum_n_buggy(n):
    total = 0
    i = 1
    while i != n:
        total = total + i
        i = i + 1
    return total"
Sum the first n natural numbers,def sum_n_buggy(n):\n    i = 1\n    total = 0\n    while i < n:\n        total += i\n        i += 1\n    return total,"Classic off-by-one loop error, inspired by basic programming tasks",loop condition excludes n,1,find the sum of all whole numbers up to n,"def sum_n_buggy(n):
    i = 1
    total = 0
    while not (i >= n):
        total += i
        i += 1
    return total"
Sum the first n natural numbers,def sum_n_buggy(n):\n    i = 1\n    total = 0\n    while i < n:\n        total += i\n        i += 1\n    return total,"Classic off-by-one loop error, inspired by basic programming tasks",loop condition excludes n,1,find the sum of all whole numbers up to n,"def sum_n_buggy(n):
    total = 0
    i = 1
    while (i < n) == True:
        total += i
        i += 1
    return total"
Sum the first n natural numbers,def sum_n_buggy(n):\n    i = 1\n    total = 0\n    while i < n:\n        total += i\n        i += 1\n    return total,"Classic off-by-one loop error, inspired by basic programming tasks",loop condition excludes n,1,find the sum of all whole numbers up to n,"def sum_n_buggy(n):
    total = 0
    i = 1
    while i < n:
        i = i + 1
        total = total + (i - 1)
    return total"
Sum the first n natural numbers,def sum_n_buggy(n):\n    i = 1\n    total = 0\n    while i < n:\n        total += i\n        i += 1\n    return total,"Classic off-by-one loop error, inspired by basic programming tasks",loop condition excludes n,1,find the sum of all whole numbers up to n,"def sum_n_buggy(n):
    i = 1
    total = 0
    while i < n:
        i += 1
        total = (i - 1) + total
    return total"
Sum the first n natural numbers,def sum_n_buggy(n):\n    i = 1\n    total = 0\n    while i < n:\n        total += i\n        i += 1\n    return total,"Classic off-by-one loop error, inspired by basic programming tasks",loop condition excludes n,1,determine the aggregate of the first n natural numbers,"def sum_n_buggy(n):
    total = 0
    i = 1
    while i != n:
        total = total + i
        i = i + 1
    return total"
Sum the first n natural numbers,def sum_n_buggy(n):\n    i = 1\n    total = 0\n    while i < n:\n        total += i\n        i += 1\n    return total,"Classic off-by-one loop error, inspired by basic programming tasks",loop condition excludes n,1,determine the aggregate of the first n natural numbers,"def sum_n_buggy(n):
    i = 1
    total = 0
    while not (i >= n):
        total += i
        i += 1
    return total"
Sum the first n natural numbers,def sum_n_buggy(n):\n    i = 1\n    total = 0\n    while i < n:\n        total += i\n        i += 1\n    return total,"Classic off-by-one loop error, inspired by basic programming tasks",loop condition excludes n,1,determine the aggregate of the first n natural numbers,"def sum_n_buggy(n):
    total = 0
    i = 1
    while (i < n) == True:
        total += i
        i += 1
    return total"
Sum the first n natural numbers,def sum_n_buggy(n):\n    i = 1\n    total = 0\n    while i < n:\n        total += i\n        i += 1\n    return total,"Classic off-by-one loop error, inspired by basic programming tasks",loop condition excludes n,1,determine the aggregate of the first n natural numbers,"def sum_n_buggy(n):
    total = 0
    i = 1
    while i < n:
        i = i + 1
        total = total + (i - 1)
    return total"
Sum the first n natural numbers,def sum_n_buggy(n):\n    i = 1\n    total = 0\n    while i < n:\n        total += i\n        i += 1\n    return total,"Classic off-by-one loop error, inspired by basic programming tasks",loop condition excludes n,1,determine the aggregate of the first n natural numbers,"def sum_n_buggy(n):
    i = 1
    total = 0
    while i < n:
        i += 1
        total = (i - 1) + total
    return total"
Sum the first n natural numbers,def sum_n_buggy(n):\n    i = 1\n    total = 0\n    while i < n:\n        total += i\n        i += 1\n    return total,"Classic off-by-one loop error, inspired by basic programming tasks",loop condition excludes n,1,compute the sum from 1 through n[1][3][5].,"def sum_n_buggy(n):
    total = 0
    i = 1
    while i != n:
        total = total + i
        i = i + 1
    return total"
Sum the first n natural numbers,def sum_n_buggy(n):\n    i = 1\n    total = 0\n    while i < n:\n        total += i\n        i += 1\n    return total,"Classic off-by-one loop error, inspired by basic programming tasks",loop condition excludes n,1,compute the sum from 1 through n[1][3][5].,"def sum_n_buggy(n):
    i = 1
    total = 0
    while not (i >= n):
        total += i
        i += 1
    return total"
Sum the first n natural numbers,def sum_n_buggy(n):\n    i = 1\n    total = 0\n    while i < n:\n        total += i\n        i += 1\n    return total,"Classic off-by-one loop error, inspired by basic programming tasks",loop condition excludes n,1,compute the sum from 1 through n[1][3][5].,"def sum_n_buggy(n):
    total = 0
    i = 1
    while (i < n) == True:
        total += i
        i += 1
    return total"
Sum the first n natural numbers,def sum_n_buggy(n):\n    i = 1\n    total = 0\n    while i < n:\n        total += i\n        i += 1\n    return total,"Classic off-by-one loop error, inspired by basic programming tasks",loop condition excludes n,1,compute the sum from 1 through n[1][3][5].,"def sum_n_buggy(n):
    total = 0
    i = 1
    while i < n:
        i = i + 1
        total = total + (i - 1)
    return total"
Sum the first n natural numbers,def sum_n_buggy(n):\n    i = 1\n    total = 0\n    while i < n:\n        total += i\n        i += 1\n    return total,"Classic off-by-one loop error, inspired by basic programming tasks",loop condition excludes n,1,compute the sum from 1 through n[1][3][5].,"def sum_n_buggy(n):
    i = 1
    total = 0
    while i < n:
        i += 1
        total = (i - 1) + total
    return total"
Sum odd numbers up to n,def sum_odds_buggy(n):\n    total = 0\n    i = 1\n    while i <= n:\n        if i % 2 != 0:\n            total += i\n        i = i + 1 - 1\n    return total,"Odd number sum, increment bug, beginner mistakes",i increment incorrect,2,Add all odd numbers up to n,"def sum_odds_buggy(n):
    total = 0
    i = 1
    while not (i > n):
        if i & 1 == 1:
            total = total + i
        i = i + 1 - 1
    return total"
Sum odd numbers up to n,def sum_odds_buggy(n):\n    total = 0\n    i = 1\n    while i <= n:\n        if i % 2 != 0:\n            total += i\n        i = i + 1 - 1\n    return total,"Odd number sum, increment bug, beginner mistakes",i increment incorrect,2,Calculate the sum of odd numbers from 1 to n,"def sum_odds_buggy(n):
    total = 0
    i = 1
    while not (i > n):
        if i & 1 == 1:
            total = total + i
        i = i + 1 - 1
    return total"
Sum odd numbers up to n,def sum_odds_buggy(n):\n    total = 0\n    i = 1\n    while i <= n:\n        if i % 2 != 0:\n            total += i\n        i = i + 1 - 1\n    return total,"Odd number sum, increment bug, beginner mistakes",i increment incorrect,2,Find the total of odd numbers up to n,"def sum_odds_buggy(n):
    total = 0
    i = 1
    while not (i > n):
        if i & 1 == 1:
            total = total + i
        i = i + 1 - 1
    return total"
Sum odd numbers up to n,def sum_odds_buggy(n):\n    total = 0\n    i = 1\n    while i <= n:\n        if i % 2 != 0:\n            total += i\n        i = i + 1 - 1\n    return total,"Odd number sum, increment bug, beginner mistakes",i increment incorrect,2,Sum the odd numbers less than or equal to n,"def sum_odds_buggy(n):
    total = 0
    i = 1
    while not (i > n):
        if i & 1 == 1:
            total = total + i
        i = i + 1 - 1
    return total"
Sum odd numbers up to n,def sum_odds_buggy(n):\n    total = 0\n    i = 1\n    while i <= n:\n        if i % 2 != 0:\n            total += i\n        i = i + 1 - 1\n    return total,"Odd number sum, increment bug, beginner mistakes",i increment incorrect,2,Compute the sum of all odd numbers up to n,"def sum_odds_buggy(n):
    total = 0
    i = 1
    while not (i > n):
        if i & 1 == 1:
            total = total + i
        i = i + 1 - 1
    return total"
Count primes up to n,def count_primes_buggy(n):\n    count = 0\n    i = 2\n    while i < n:\n        if is_prime(i):\n            count += 1\n        i += 1\n    return count\n\ndef is_prime(num):\n    if num < 2:\n        return False\n    i = 2\n    while i < num:\n        if num % i == 0:\n            return False\n        i += 1\n    return True,Classic loop and condition error in prime counting,loop condition excludes n,1,find the number of primes less than or equal to n,"def count_primes_buggy(n):
    count = 0
    i = 2
    while n > i:
        if is_prime(i):
            count = count + 1
        i = i + 1
    return count

def is_prime(num):
    if 2 > num:
        return False
    i = 2
    while i < num:
        if num % i == 0:
            return False
        i = i + 1
    return True"
Count primes up to n,def count_primes_buggy(n):\n    count = 0\n    i = 2\n    while i < n:\n        if is_prime(i):\n            count += 1\n        i += 1\n    return count\n\ndef is_prime(num):\n    if num < 2:\n        return False\n    i = 2\n    while i < num:\n        if num % i == 0:\n            return False\n        i += 1\n    return True,Classic loop and condition error in prime counting,loop condition excludes n,1,determine how many prime numbers exist up to n,"def count_primes_buggy(n):
    count = 0
    i = 2
    while n > i:
        if is_prime(i):
            count = count + 1
        i = i + 1
    return count

def is_prime(num):
    if 2 > num:
        return False
    i = 2
    while i < num:
        if num % i == 0:
            return False
        i = i + 1
    return True"
Count primes up to n,def count_primes_buggy(n):\n    count = 0\n    i = 2\n    while i < n:\n        if is_prime(i):\n            count += 1\n        i += 1\n    return count\n\ndef is_prime(num):\n    if num < 2:\n        return False\n    i = 2\n    while i < num:\n        if num % i == 0:\n            return False\n        i += 1\n    return True,Classic loop and condition error in prime counting,loop condition excludes n,1,compute the quantity of primes not exceeding n,"def count_primes_buggy(n):
    count = 0
    i = 2
    while n > i:
        if is_prime(i):
            count = count + 1
        i = i + 1
    return count

def is_prime(num):
    if 2 > num:
        return False
    i = 2
    while i < num:
        if num % i == 0:
            return False
        i = i + 1
    return True"
Count primes up to n,def count_primes_buggy(n):\n    count = 0\n    i = 2\n    while i < n:\n        if is_prime(i):\n            count += 1\n        i += 1\n    return count\n\ndef is_prime(num):\n    if num < 2:\n        return False\n    i = 2\n    while i < num:\n        if num % i == 0:\n            return False\n        i += 1\n    return True,Classic loop and condition error in prime counting,loop condition excludes n,1,calculate the total primes up to n,"def count_primes_buggy(n):
    count = 0
    i = 2
    while n > i:
        if is_prime(i):
            count = count + 1
        i = i + 1
    return count

def is_prime(num):
    if 2 > num:
        return False
    i = 2
    while i < num:
        if num % i == 0:
            return False
        i = i + 1
    return True"
Count primes up to n,def count_primes_buggy(n):\n    count = 0\n    i = 2\n    while i < n:\n        if is_prime(i):\n            count += 1\n        i += 1\n    return count\n\ndef is_prime(num):\n    if num < 2:\n        return False\n    i = 2\n    while i < num:\n        if num % i == 0:\n            return False\n        i += 1\n    return True,Classic loop and condition error in prime counting,loop condition excludes n,1,enumerate all primes up to a given number n,"def count_primes_buggy(n):
    count = 0
    i = 2
    while n > i:
        if is_prime(i):
            count = count + 1
        i = i + 1
    return count

def is_prime(num):
    if 2 > num:
        return False
    i = 2
    while i < num:
        if num % i == 0:
            return False
        i = i + 1
    return True"
Read and sum numbers until a negative is entered,def sum_until_negative_buggy():\n    total = 0\n    num = int(input('Enter number (negative to stop): '))\n    while num >= 0:\n        total += num\n        # missing prompt for new num\n    return total,"Missing input update bug, shown in tutorials (GeeksforGeeks)",does not read new number inside loop,2,Add numbers together until a negative value is given,"def sum_until_negative_buggy():
    total = 0
    num = int(input('Enter number (negative to stop): '))
    while not (num < 0):
        total = total + num
    return total"
Read and sum numbers until a negative is entered,def sum_until_negative_buggy():\n    total = 0\n    num = int(input('Enter number (negative to stop): '))\n    while num >= 0:\n        total += num\n        # missing prompt for new num\n    return total,"Missing input update bug, shown in tutorials (GeeksforGeeks)",does not read new number inside loop,2,keep reading and adding numbers until a negative number is input,"def sum_until_negative_buggy():
    total = 0
    num = int(input('Enter number (negative to stop): '))
    while not (num < 0):
        total = total + num
    return total"
Read and sum numbers until a negative is entered,def sum_until_negative_buggy():\n    total = 0\n    num = int(input('Enter number (negative to stop): '))\n    while num >= 0:\n        total += num\n        # missing prompt for new num\n    return total,"Missing input update bug, shown in tutorials (GeeksforGeeks)",does not read new number inside loop,2,continue summing values until a negative is encountered,"def sum_until_negative_buggy():
    total = 0
    num = int(input('Enter number (negative to stop): '))
    while not (num < 0):
        total = total + num
    return total"
Read and sum numbers until a negative is entered,def sum_until_negative_buggy():\n    total = 0\n    num = int(input('Enter number (negative to stop): '))\n    while num >= 0:\n        total += num\n        # missing prompt for new num\n    return total,"Missing input update bug, shown in tutorials (GeeksforGeeks)",does not read new number inside loop,2,enter and total numbers until you input a negative,"def sum_until_negative_buggy():
    total = 0
    num = int(input('Enter number (negative to stop): '))
    while not (num < 0):
        total = total + num
    return total"
Read and sum numbers until a negative is entered,def sum_until_negative_buggy():\n    total = 0\n    num = int(input('Enter number (negative to stop): '))\n    while num >= 0:\n        total += num\n        # missing prompt for new num\n    return total,"Missing input update bug, shown in tutorials (GeeksforGeeks)",does not read new number inside loop,2,keep summing numbers until a negative entry stops the process,"def sum_until_negative_buggy():
    total = 0
    num = int(input('Enter number (negative to stop): '))
    while not (num < 0):
        total = total + num
    return total"
Find LCM of two numbers,"def lcm_buggy(a, b):\n    num = max(a, b)\n    while True:\n        if num % a == 0 and num % b == 0:\n            return num\n        # missing num += 1","LCM calculation, common loop bug (CodeNet/Codeforces)",missing increment of candidate,2,Calculate the least common multiple of two numbers,"def lcm_buggy(a, b):
    num = a if a > b else b
    while True:
        if not (num % a or num % b):
            return num
        num = num + 1"
Find LCM of two numbers,"def lcm_buggy(a, b):\n    num = max(a, b)\n    while True:\n        if num % a == 0 and num % b == 0:\n            return num\n        # missing num += 1","LCM calculation, common loop bug (CodeNet/Codeforces)",missing increment of candidate,2,determine the LCM of a pair of numbers,"def lcm_buggy(a, b):
    num = a if a > b else b
    while True:
        if not (num % a or num % b):
            return num
        num = num + 1"
Find LCM of two numbers,"def lcm_buggy(a, b):\n    num = max(a, b)\n    while True:\n        if num % a == 0 and num % b == 0:\n            return num\n        # missing num += 1","LCM calculation, common loop bug (CodeNet/Codeforces)",missing increment of candidate,2,compute the lowest common multiple of two values,"def lcm_buggy(a, b):
    num = a if a > b else b
    while True:
        if not (num % a or num % b):
            return num
        num = num + 1"
Find LCM of two numbers,"def lcm_buggy(a, b):\n    num = max(a, b)\n    while True:\n        if num % a == 0 and num % b == 0:\n            return num\n        # missing num += 1","LCM calculation, common loop bug (CodeNet/Codeforces)",missing increment of candidate,2,identify the least common multiple for two given numbers,"def lcm_buggy(a, b):
    num = a if a > b else b
    while True:
        if not (num % a or num % b):
            return num
        num = num + 1"
Find LCM of two numbers,"def lcm_buggy(a, b):\n    num = max(a, b)\n    while True:\n        if num % a == 0 and num % b == 0:\n            return num\n        # missing num += 1","LCM calculation, common loop bug (CodeNet/Codeforces)",missing increment of candidate,2,work out the LCM between two numbers,"def lcm_buggy(a, b):
    num = a if a > b else b
    while True:
        if not (num % a or num % b):
            return num
        num = num + 1"
Print Fibonacci sequence up to n terms,"def fibonacci_buggy(n):\n    a, b = 0, 1\n    i = 0\n    while i < n:\n        print(a)\n        b = a + b\n        a = b\n        i += 1","Sequence and assignment bug, inspired by classic Fibonacci problems",assignments out of order,2,Generate the Fibonacci sequence for n terms,"def fibonacci_buggy(n):
    x, y = 0, 1
    j = 0
    while j != n:
        print(x)
        y = y + x
        x = y
        j += 1"
Print Fibonacci sequence up to n terms,"def fibonacci_buggy(n):\n    a, b = 0, 1\n    i = 0\n    while i < n:\n        print(a)\n        b = a + b\n        a = b\n        i += 1","Sequence and assignment bug, inspired by classic Fibonacci problems",assignments out of order,2,Display n terms of the Fibonacci series,"def fibonacci_buggy(n):
    x, y = 0, 1
    j = 0
    while j != n:
        print(x)
        y = y + x
        x = y
        j += 1"
Print Fibonacci sequence up to n terms,"def fibonacci_buggy(n):\n    a, b = 0, 1\n    i = 0\n    while i < n:\n        print(a)\n        b = a + b\n        a = b\n        i += 1","Sequence and assignment bug, inspired by classic Fibonacci problems",assignments out of order,2,Print the first n Fibonacci numbers,"def fibonacci_buggy(n):
    x, y = 0, 1
    j = 0
    while j != n:
        print(x)
        y = y + x
        x = y
        j += 1"
Print Fibonacci sequence up to n terms,"def fibonacci_buggy(n):\n    a, b = 0, 1\n    i = 0\n    while i < n:\n        print(a)\n        b = a + b\n        a = b\n        i += 1","Sequence and assignment bug, inspired by classic Fibonacci problems",assignments out of order,2,Show the Fibonacci sequence up to the nth term,"def fibonacci_buggy(n):
    x, y = 0, 1
    j = 0
    while j != n:
        print(x)
        y = y + x
        x = y
        j += 1"
Print Fibonacci sequence up to n terms,"def fibonacci_buggy(n):\n    a, b = 0, 1\n    i = 0\n    while i < n:\n        print(a)\n        b = a + b\n        a = b\n        i += 1","Sequence and assignment bug, inspired by classic Fibonacci problems",assignments out of order,2,Output Fibonacci numbers up to n terms,"def fibonacci_buggy(n):
    x, y = 0, 1
    j = 0
    while j != n:
        print(x)
        y = y + x
        x = y
        j += 1"
Count multiples of 5 up to n,def count_mult_5_buggy(n):\n    i = 1\n    count = 0\n    while i <= n:\n        if i % 5 == 0:\n            count += 1\n        # missing i += 1\n    return count,"Missing i update, common beginner error, CodeChef-style",i not updated,2,Count the numbers divisible by 5 up to n,"def count_mult_5_buggy(n):
    count = 0
    i = 1
    while n >= i:
        if not i % 5:
            count = count + 1
        # missing i += 1
    return count"
Count multiples of 5 up to n,def count_mult_5_buggy(n):\n    i = 1\n    count = 0\n    while i <= n:\n        if i % 5 == 0:\n            count += 1\n        # missing i += 1\n    return count,"Missing i update, common beginner error, CodeChef-style",i not updated,2,find how many multiples of 5 are less than or equal to n,"def count_mult_5_buggy(n):
    count = 0
    i = 1
    while n >= i:
        if not i % 5:
            count = count + 1
        # missing i += 1
    return count"
Count multiples of 5 up to n,def count_mult_5_buggy(n):\n    i = 1\n    count = 0\n    while i <= n:\n        if i % 5 == 0:\n            count += 1\n        # missing i += 1\n    return count,"Missing i update, common beginner error, CodeChef-style",i not updated,2,determine the quantity of numbers up to n that are divisible by 5,"def count_mult_5_buggy(n):
    count = 0
    i = 1
    while n >= i:
        if not i % 5:
            count = count + 1
        # missing i += 1
    return count"
Count multiples of 5 up to n,def count_mult_5_buggy(n):\n    i = 1\n    count = 0\n    while i <= n:\n        if i % 5 == 0:\n            count += 1\n        # missing i += 1\n    return count,"Missing i update, common beginner error, CodeChef-style",i not updated,2,calculate the number of values up to n that are multiples of 5,"def count_mult_5_buggy(n):
    count = 0
    i = 1
    while n >= i:
        if not i % 5:
            count = count + 1
        # missing i += 1
    return count"
Count multiples of 5 up to n,def count_mult_5_buggy(n):\n    i = 1\n    count = 0\n    while i <= n:\n        if i % 5 == 0:\n            count += 1\n        # missing i += 1\n    return count,"Missing i update, common beginner error, CodeChef-style",i not updated,2,tally the multiples of 5 from 1 to n,"def count_mult_5_buggy(n):
    count = 0
    i = 1
    while n >= i:
        if not i % 5:
            count = count + 1
        # missing i += 1
    return count"
Find GCD of two numbers using Euclid algorithm,"def gcd_buggy(a, b):\n    while a != b:\n        if a > b:\n            a -= b\n        else:\n            b -= a\n    return a","Euclid's algorithm off-by-one/condition bug, CodeNet",condition may cause infinite loop,1,Compute the greatest common divisor of two numbers using the Euclidean algorithm,"def gcd_buggy(a, b):
    while not a == b:
        if not (a <= b):
            a = a - b
        else:
            b = b - a
    return a"
Find GCD of two numbers using Euclid algorithm,"def gcd_buggy(a, b):\n    while a != b:\n        if a > b:\n            a -= b\n        else:\n            b -= a\n    return a","Euclid's algorithm off-by-one/condition bug, CodeNet",condition may cause infinite loop,1,determine the GCD of a pair of integers via Euclid's method,"def gcd_buggy(a, b):
    while not a == b:
        if not (a <= b):
            a = a - b
        else:
            b = b - a
    return a"
Find GCD of two numbers using Euclid algorithm,"def gcd_buggy(a, b):\n    while a != b:\n        if a > b:\n            a -= b\n        else:\n            b -= a\n    return a","Euclid's algorithm off-by-one/condition bug, CodeNet",condition may cause infinite loop,1,use Euclid's algorithm to calculate the GCD of two values,"def gcd_buggy(a, b):
    while not a == b:
        if not (a <= b):
            a = a - b
        else:
            b = b - a
    return a"
Find GCD of two numbers using Euclid algorithm,"def gcd_buggy(a, b):\n    while a != b:\n        if a > b:\n            a -= b\n        else:\n            b -= a\n    return a","Euclid's algorithm off-by-one/condition bug, CodeNet",condition may cause infinite loop,1,apply the Euclidean procedure to find the greatest common divisor of two numbers,"def gcd_buggy(a, b):
    while not a == b:
        if not (a <= b):
            a = a - b
        else:
            b = b - a
    return a"
Find GCD of two numbers using Euclid algorithm,"def gcd_buggy(a, b):\n    while a != b:\n        if a > b:\n            a -= b\n        else:\n            b -= a\n    return a","Euclid's algorithm off-by-one/condition bug, CodeNet",condition may cause infinite loop,1,obtain the GCD of two numbers by implementing Euclid's algorithm,"def gcd_buggy(a, b):
    while not a == b:
        if not (a <= b):
            a = a - b
        else:
            b = b - a
    return a"
Prompt user for positive numbers until 5 are entered,def count_positives_buggy():\n    count = 0\n    while count < 5:\n        num = int(input('Enter positive number: '))\n        if num > 0:\n            # missing count += 1\n            pass\n    print('Five positives entered'),"Input accumulation/counting error, basic programming tutorials",counter never incremented,2,Request positive numbers from the user until five have been entered,"def count_positives_buggy():
    count = 0
    while not count == 5:
        num = int(input('Enter positive number: '))
        if 0 < num:
            pass
    print('Five positives entered')"
Prompt user for positive numbers until 5 are entered,def count_positives_buggy():\n    count = 0\n    while count < 5:\n        num = int(input('Enter positive number: '))\n        if num > 0:\n            # missing count += 1\n            pass\n    print('Five positives entered'),"Input accumulation/counting error, basic programming tutorials",counter never incremented,2,Request positive numbers from the user until five have been entered,"def count_positives_buggy():
    c = 0
    while c <= 4:
        n = int(input('Enter positive number: '))
        if n > 0:
            pass
    print('Five positives entered')"
Prompt user for positive numbers until 5 are entered,def count_positives_buggy():\n    count = 0\n    while count < 5:\n        num = int(input('Enter positive number: '))\n        if num > 0:\n            # missing count += 1\n            pass\n    print('Five positives entered'),"Input accumulation/counting error, basic programming tutorials",counter never incremented,2,Request positive numbers from the user until five have been entered,"def count_positives_buggy():
    cnt = 0
    while 5 > cnt:
        value = int(input('Enter positive number: '))
        if value > 0:
            pass
    print('Five positives entered')"
Prompt user for positive numbers until 5 are entered,def count_positives_buggy():\n    count = 0\n    while count < 5:\n        num = int(input('Enter positive number: '))\n        if num > 0:\n            # missing count += 1\n            pass\n    print('Five positives entered'),"Input accumulation/counting error, basic programming tutorials",counter never incremented,2,Request positive numbers from the user until five have been entered,"def count_positives_buggy():
    i = 0
    while i != 5:
        number = int(input('Enter positive number: '))
        if number > 0:
            pass
    print('Five positives entered')"
Prompt user for positive numbers until 5 are entered,def count_positives_buggy():\n    count = 0\n    while count < 5:\n        num = int(input('Enter positive number: '))\n        if num > 0:\n            # missing count += 1\n            pass\n    print('Five positives entered'),"Input accumulation/counting error, basic programming tutorials",counter never incremented,2,Request positive numbers from the user until five have been entered,"def count_positives_buggy():
    positive_count = 0
    while positive_count < 5:
        entered = int(input('Enter positive number: '))
        if entered >= 1:
            pass
    print('Five positives entered')"
Prompt user for positive numbers until 5 are entered,def count_positives_buggy():\n    count = 0\n    while count < 5:\n        num = int(input('Enter positive number: '))\n        if num > 0:\n            # missing count += 1\n            pass\n    print('Five positives entered'),"Input accumulation/counting error, basic programming tutorials",counter never incremented,2,keep asking the user to input positive numbers until five are provided,"def count_positives_buggy():
    count = 0
    while not count == 5:
        num = int(input('Enter positive number: '))
        if 0 < num:
            pass
    print('Five positives entered')"
Prompt user for positive numbers until 5 are entered,def count_positives_buggy():\n    count = 0\n    while count < 5:\n        num = int(input('Enter positive number: '))\n        if num > 0:\n            # missing count += 1\n            pass\n    print('Five positives entered'),"Input accumulation/counting error, basic programming tutorials",counter never incremented,2,keep asking the user to input positive numbers until five are provided,"def count_positives_buggy():
    c = 0
    while c <= 4:
        n = int(input('Enter positive number: '))
        if n > 0:
            pass
    print('Five positives entered')"
Prompt user for positive numbers until 5 are entered,def count_positives_buggy():\n    count = 0\n    while count < 5:\n        num = int(input('Enter positive number: '))\n        if num > 0:\n            # missing count += 1\n            pass\n    print('Five positives entered'),"Input accumulation/counting error, basic programming tutorials",counter never incremented,2,keep asking the user to input positive numbers until five are provided,"def count_positives_buggy():
    cnt = 0
    while 5 > cnt:
        value = int(input('Enter positive number: '))
        if value > 0:
            pass
    print('Five positives entered')"
Prompt user for positive numbers until 5 are entered,def count_positives_buggy():\n    count = 0\n    while count < 5:\n        num = int(input('Enter positive number: '))\n        if num > 0:\n            # missing count += 1\n            pass\n    print('Five positives entered'),"Input accumulation/counting error, basic programming tutorials",counter never incremented,2,keep asking the user to input positive numbers until five are provided,"def count_positives_buggy():
    i = 0
    while i != 5:
        number = int(input('Enter positive number: '))
        if number > 0:
            pass
    print('Five positives entered')"
Prompt user for positive numbers until 5 are entered,def count_positives_buggy():\n    count = 0\n    while count < 5:\n        num = int(input('Enter positive number: '))\n        if num > 0:\n            # missing count += 1\n            pass\n    print('Five positives entered'),"Input accumulation/counting error, basic programming tutorials",counter never incremented,2,keep asking the user to input positive numbers until five are provided,"def count_positives_buggy():
    positive_count = 0
    while positive_count < 5:
        entered = int(input('Enter positive number: '))
        if entered >= 1:
            pass
    print('Five positives entered')"
Prompt user for positive numbers until 5 are entered,def count_positives_buggy():\n    count = 0\n    while count < 5:\n        num = int(input('Enter positive number: '))\n        if num > 0:\n            # missing count += 1\n            pass\n    print('Five positives entered'),"Input accumulation/counting error, basic programming tutorials",counter never incremented,2,continue prompting the user for positive numbers until a total of five are entered,"def count_positives_buggy():
    count = 0
    while not count == 5:
        num = int(input('Enter positive number: '))
        if 0 < num:
            pass
    print('Five positives entered')"
Prompt user for positive numbers until 5 are entered,def count_positives_buggy():\n    count = 0\n    while count < 5:\n        num = int(input('Enter positive number: '))\n        if num > 0:\n            # missing count += 1\n            pass\n    print('Five positives entered'),"Input accumulation/counting error, basic programming tutorials",counter never incremented,2,continue prompting the user for positive numbers until a total of five are entered,"def count_positives_buggy():
    c = 0
    while c <= 4:
        n = int(input('Enter positive number: '))
        if n > 0:
            pass
    print('Five positives entered')"
Prompt user for positive numbers until 5 are entered,def count_positives_buggy():\n    count = 0\n    while count < 5:\n        num = int(input('Enter positive number: '))\n        if num > 0:\n            # missing count += 1\n            pass\n    print('Five positives entered'),"Input accumulation/counting error, basic programming tutorials",counter never incremented,2,continue prompting the user for positive numbers until a total of five are entered,"def count_positives_buggy():
    cnt = 0
    while 5 > cnt:
        value = int(input('Enter positive number: '))
        if value > 0:
            pass
    print('Five positives entered')"
Prompt user for positive numbers until 5 are entered,def count_positives_buggy():\n    count = 0\n    while count < 5:\n        num = int(input('Enter positive number: '))\n        if num > 0:\n            # missing count += 1\n            pass\n    print('Five positives entered'),"Input accumulation/counting error, basic programming tutorials",counter never incremented,2,continue prompting the user for positive numbers until a total of five are entered,"def count_positives_buggy():
    i = 0
    while i != 5:
        number = int(input('Enter positive number: '))
        if number > 0:
            pass
    print('Five positives entered')"
Prompt user for positive numbers until 5 are entered,def count_positives_buggy():\n    count = 0\n    while count < 5:\n        num = int(input('Enter positive number: '))\n        if num > 0:\n            # missing count += 1\n            pass\n    print('Five positives entered'),"Input accumulation/counting error, basic programming tutorials",counter never incremented,2,continue prompting the user for positive numbers until a total of five are entered,"def count_positives_buggy():
    positive_count = 0
    while positive_count < 5:
        entered = int(input('Enter positive number: '))
        if entered >= 1:
            pass
    print('Five positives entered')"
Prompt user for positive numbers until 5 are entered,def count_positives_buggy():\n    count = 0\n    while count < 5:\n        num = int(input('Enter positive number: '))\n        if num > 0:\n            # missing count += 1\n            pass\n    print('Five positives entered'),"Input accumulation/counting error, basic programming tutorials",counter never incremented,2,ask the user for positive numbers repeatedly until five have been received,"def count_positives_buggy():
    count = 0
    while not count == 5:
        num = int(input('Enter positive number: '))
        if 0 < num:
            pass
    print('Five positives entered')"
Prompt user for positive numbers until 5 are entered,def count_positives_buggy():\n    count = 0\n    while count < 5:\n        num = int(input('Enter positive number: '))\n        if num > 0:\n            # missing count += 1\n            pass\n    print('Five positives entered'),"Input accumulation/counting error, basic programming tutorials",counter never incremented,2,ask the user for positive numbers repeatedly until five have been received,"def count_positives_buggy():
    c = 0
    while c <= 4:
        n = int(input('Enter positive number: '))
        if n > 0:
            pass
    print('Five positives entered')"
Prompt user for positive numbers until 5 are entered,def count_positives_buggy():\n    count = 0\n    while count < 5:\n        num = int(input('Enter positive number: '))\n        if num > 0:\n            # missing count += 1\n            pass\n    print('Five positives entered'),"Input accumulation/counting error, basic programming tutorials",counter never incremented,2,ask the user for positive numbers repeatedly until five have been received,"def count_positives_buggy():
    cnt = 0
    while 5 > cnt:
        value = int(input('Enter positive number: '))
        if value > 0:
            pass
    print('Five positives entered')"
Prompt user for positive numbers until 5 are entered,def count_positives_buggy():\n    count = 0\n    while count < 5:\n        num = int(input('Enter positive number: '))\n        if num > 0:\n            # missing count += 1\n            pass\n    print('Five positives entered'),"Input accumulation/counting error, basic programming tutorials",counter never incremented,2,ask the user for positive numbers repeatedly until five have been received,"def count_positives_buggy():
    i = 0
    while i != 5:
        number = int(input('Enter positive number: '))
        if number > 0:
            pass
    print('Five positives entered')"
Prompt user for positive numbers until 5 are entered,def count_positives_buggy():\n    count = 0\n    while count < 5:\n        num = int(input('Enter positive number: '))\n        if num > 0:\n            # missing count += 1\n            pass\n    print('Five positives entered'),"Input accumulation/counting error, basic programming tutorials",counter never incremented,2,ask the user for positive numbers repeatedly until five have been received,"def count_positives_buggy():
    positive_count = 0
    while positive_count < 5:
        entered = int(input('Enter positive number: '))
        if entered >= 1:
            pass
    print('Five positives entered')"
Prompt user for positive numbers until 5 are entered,def count_positives_buggy():\n    count = 0\n    while count < 5:\n        num = int(input('Enter positive number: '))\n        if num > 0:\n            # missing count += 1\n            pass\n    print('Five positives entered'),"Input accumulation/counting error, basic programming tutorials",counter never incremented,2,keep requesting positive numbers from the user until five numbers have been input,"def count_positives_buggy():
    count = 0
    while not count == 5:
        num = int(input('Enter positive number: '))
        if 0 < num:
            pass
    print('Five positives entered')"
Prompt user for positive numbers until 5 are entered,def count_positives_buggy():\n    count = 0\n    while count < 5:\n        num = int(input('Enter positive number: '))\n        if num > 0:\n            # missing count += 1\n            pass\n    print('Five positives entered'),"Input accumulation/counting error, basic programming tutorials",counter never incremented,2,keep requesting positive numbers from the user until five numbers have been input,"def count_positives_buggy():
    c = 0
    while c <= 4:
        n = int(input('Enter positive number: '))
        if n > 0:
            pass
    print('Five positives entered')"
Prompt user for positive numbers until 5 are entered,def count_positives_buggy():\n    count = 0\n    while count < 5:\n        num = int(input('Enter positive number: '))\n        if num > 0:\n            # missing count += 1\n            pass\n    print('Five positives entered'),"Input accumulation/counting error, basic programming tutorials",counter never incremented,2,keep requesting positive numbers from the user until five numbers have been input,"def count_positives_buggy():
    cnt = 0
    while 5 > cnt:
        value = int(input('Enter positive number: '))
        if value > 0:
            pass
    print('Five positives entered')"
Prompt user for positive numbers until 5 are entered,def count_positives_buggy():\n    count = 0\n    while count < 5:\n        num = int(input('Enter positive number: '))\n        if num > 0:\n            # missing count += 1\n            pass\n    print('Five positives entered'),"Input accumulation/counting error, basic programming tutorials",counter never incremented,2,keep requesting positive numbers from the user until five numbers have been input,"def count_positives_buggy():
    i = 0
    while i != 5:
        number = int(input('Enter positive number: '))
        if number > 0:
            pass
    print('Five positives entered')"
Prompt user for positive numbers until 5 are entered,def count_positives_buggy():\n    count = 0\n    while count < 5:\n        num = int(input('Enter positive number: '))\n        if num > 0:\n            # missing count += 1\n            pass\n    print('Five positives entered'),"Input accumulation/counting error, basic programming tutorials",counter never incremented,2,keep requesting positive numbers from the user until five numbers have been input,"def count_positives_buggy():
    positive_count = 0
    while positive_count < 5:
        entered = int(input('Enter positive number: '))
        if entered >= 1:
            pass
    print('Five positives entered')"
Sum multiples of 4 between 1 and n,def sum_mult_4_buggy(n):\n    i = 1\n    while i <= n:\n        sum = 0\n        if i % 4 == 0:\n            sum += i\n        i += 1\n    return sum,"Sum variable scope bug, inspired by sum/accumulation patterns",sum variable is reset inside the loop,2,Add all numbers divisible by 4 from 1 to n,"def sum_mult_4_buggy(n):
    i = 1
    total = 0
    while not (i > n):
        if not (i & 3):
            total = total + i
        i = i + 1
    return total"
Sum multiples of 4 between 1 and n,def sum_mult_4_buggy(n):\n    i = 1\n    while i <= n:\n        sum = 0\n        if i % 4 == 0:\n            sum += i\n        i += 1\n    return sum,"Sum variable scope bug, inspired by sum/accumulation patterns",sum variable is reset inside the loop,2,calculate the total of numbers that are multiples of 4 between 1 and n,"def sum_mult_4_buggy(n):
    i = 1
    total = 0
    while not (i > n):
        if not (i & 3):
            total = total + i
        i = i + 1
    return total"
Sum multiples of 4 between 1 and n,def sum_mult_4_buggy(n):\n    i = 1\n    while i <= n:\n        sum = 0\n        if i % 4 == 0:\n            sum += i\n        i += 1\n    return sum,"Sum variable scope bug, inspired by sum/accumulation patterns",sum variable is reset inside the loop,2,find the sum of every 4th number up to n,"def sum_mult_4_buggy(n):
    i = 1
    total = 0
    while not (i > n):
        if not (i & 3):
            total = total + i
        i = i + 1
    return total"
Sum multiples of 4 between 1 and n,def sum_mult_4_buggy(n):\n    i = 1\n    while i <= n:\n        sum = 0\n        if i % 4 == 0:\n            sum += i\n        i += 1\n    return sum,"Sum variable scope bug, inspired by sum/accumulation patterns",sum variable is reset inside the loop,2,compute the sum of integers between 1 and n that are divisible by 4,"def sum_mult_4_buggy(n):
    i = 1
    total = 0
    while not (i > n):
        if not (i & 3):
            total = total + i
        i = i + 1
    return total"
Sum multiples of 4 between 1 and n,def sum_mult_4_buggy(n):\n    i = 1\n    while i <= n:\n        sum = 0\n        if i % 4 == 0:\n            sum += i\n        i += 1\n    return sum,"Sum variable scope bug, inspired by sum/accumulation patterns",sum variable is reset inside the loop,2,determine the total sum of multiples of four from 1 to n,"def sum_mult_4_buggy(n):
    i = 1
    total = 0
    while not (i > n):
        if not (i & 3):
            total = total + i
        i = i + 1
    return total"
Print the factorial of n,def buggy_factorial():\n    while n > 0:\n        print(n)\n        n -= 1,"Initialization errors are a classic mistake (CodeNet, basic programming tasks)",n is not initialized before the while loop,0,Calculate the factorial of n,"def buggy_factorial():
    while 0 < n:
        print(n)
        n = n - 1"
Print the factorial of n,def buggy_factorial():\n    while n > 0:\n        print(n)\n        n -= 1,"Initialization errors are a classic mistake (CodeNet, basic programming tasks)",n is not initialized before the while loop,0,Calculate the factorial of n,"def buggy_factorial():
    while n != 0:
        print(n)
        n -= 1"
Print the factorial of n,def buggy_factorial():\n    while n > 0:\n        print(n)\n        n -= 1,"Initialization errors are a classic mistake (CodeNet, basic programming tasks)",n is not initialized before the while loop,0,Calculate the factorial of n,"def buggy_factorial():
    while not n <= 0:
        print(n)
        n -= 1"
Print the factorial of n,def buggy_factorial():\n    while n > 0:\n        print(n)\n        n -= 1,"Initialization errors are a classic mistake (CodeNet, basic programming tasks)",n is not initialized before the while loop,0,Calculate the factorial of n,"def buggy_factorial():
    while n:
        print(n)
        n -= 1"
Print the factorial of n,def buggy_factorial():\n    while n > 0:\n        print(n)\n        n -= 1,"Initialization errors are a classic mistake (CodeNet, basic programming tasks)",n is not initialized before the while loop,0,Calculate the factorial of n,"def buggy_factorial():
    while n > 0:
        n -= 1
        print(n + 1)"
Print the factorial of n,def buggy_factorial():\n    while n > 0:\n        print(n)\n        n -= 1,"Initialization errors are a classic mistake (CodeNet, basic programming tasks)",n is not initialized before the while loop,0,display n factorial,"def buggy_factorial():
    while 0 < n:
        print(n)
        n = n - 1"
Print the factorial of n,def buggy_factorial():\n    while n > 0:\n        print(n)\n        n -= 1,"Initialization errors are a classic mistake (CodeNet, basic programming tasks)",n is not initialized before the while loop,0,display n factorial,"def buggy_factorial():
    while n != 0:
        print(n)
        n -= 1"
Print the factorial of n,def buggy_factorial():\n    while n > 0:\n        print(n)\n        n -= 1,"Initialization errors are a classic mistake (CodeNet, basic programming tasks)",n is not initialized before the while loop,0,display n factorial,"def buggy_factorial():
    while not n <= 0:
        print(n)
        n -= 1"
Print the factorial of n,def buggy_factorial():\n    while n > 0:\n        print(n)\n        n -= 1,"Initialization errors are a classic mistake (CodeNet, basic programming tasks)",n is not initialized before the while loop,0,display n factorial,"def buggy_factorial():
    while n:
        print(n)
        n -= 1"
Print the factorial of n,def buggy_factorial():\n    while n > 0:\n        print(n)\n        n -= 1,"Initialization errors are a classic mistake (CodeNet, basic programming tasks)",n is not initialized before the while loop,0,display n factorial,"def buggy_factorial():
    while n > 0:
        n -= 1
        print(n + 1)"
Print the factorial of n,def buggy_factorial():\n    while n > 0:\n        print(n)\n        n -= 1,"Initialization errors are a classic mistake (CodeNet, basic programming tasks)",n is not initialized before the while loop,0,output the factorial for n,"def buggy_factorial():
    while 0 < n:
        print(n)
        n = n - 1"
Print the factorial of n,def buggy_factorial():\n    while n > 0:\n        print(n)\n        n -= 1,"Initialization errors are a classic mistake (CodeNet, basic programming tasks)",n is not initialized before the while loop,0,output the factorial for n,"def buggy_factorial():
    while n != 0:
        print(n)
        n -= 1"
Print the factorial of n,def buggy_factorial():\n    while n > 0:\n        print(n)\n        n -= 1,"Initialization errors are a classic mistake (CodeNet, basic programming tasks)",n is not initialized before the while loop,0,output the factorial for n,"def buggy_factorial():
    while not n <= 0:
        print(n)
        n -= 1"
Print the factorial of n,def buggy_factorial():\n    while n > 0:\n        print(n)\n        n -= 1,"Initialization errors are a classic mistake (CodeNet, basic programming tasks)",n is not initialized before the while loop,0,output the factorial for n,"def buggy_factorial():
    while n:
        print(n)
        n -= 1"
Print the factorial of n,def buggy_factorial():\n    while n > 0:\n        print(n)\n        n -= 1,"Initialization errors are a classic mistake (CodeNet, basic programming tasks)",n is not initialized before the while loop,0,output the factorial for n,"def buggy_factorial():
    while n > 0:
        n -= 1
        print(n + 1)"
Print the factorial of n,def buggy_factorial():\n    while n > 0:\n        print(n)\n        n -= 1,"Initialization errors are a classic mistake (CodeNet, basic programming tasks)",n is not initialized before the while loop,0,show the factorial of n,"def buggy_factorial():
    while 0 < n:
        print(n)
        n = n - 1"
Print the factorial of n,def buggy_factorial():\n    while n > 0:\n        print(n)\n        n -= 1,"Initialization errors are a classic mistake (CodeNet, basic programming tasks)",n is not initialized before the while loop,0,show the factorial of n,"def buggy_factorial():
    while n != 0:
        print(n)
        n -= 1"
Print the factorial of n,def buggy_factorial():\n    while n > 0:\n        print(n)\n        n -= 1,"Initialization errors are a classic mistake (CodeNet, basic programming tasks)",n is not initialized before the while loop,0,show the factorial of n,"def buggy_factorial():
    while not n <= 0:
        print(n)
        n -= 1"
Print the factorial of n,def buggy_factorial():\n    while n > 0:\n        print(n)\n        n -= 1,"Initialization errors are a classic mistake (CodeNet, basic programming tasks)",n is not initialized before the while loop,0,show the factorial of n,"def buggy_factorial():
    while n:
        print(n)
        n -= 1"
Print the factorial of n,def buggy_factorial():\n    while n > 0:\n        print(n)\n        n -= 1,"Initialization errors are a classic mistake (CodeNet, basic programming tasks)",n is not initialized before the while loop,0,show the factorial of n,"def buggy_factorial():
    while n > 0:
        n -= 1
        print(n + 1)"
Print the factorial of n,def buggy_factorial():\n    while n > 0:\n        print(n)\n        n -= 1,"Initialization errors are a classic mistake (CodeNet, basic programming tasks)",n is not initialized before the while loop,0,print the value of n factorial,"def buggy_factorial():
    while 0 < n:
        print(n)
        n = n - 1"
Print the factorial of n,def buggy_factorial():\n    while n > 0:\n        print(n)\n        n -= 1,"Initialization errors are a classic mistake (CodeNet, basic programming tasks)",n is not initialized before the while loop,0,print the value of n factorial,"def buggy_factorial():
    while n != 0:
        print(n)
        n -= 1"
Print the factorial of n,def buggy_factorial():\n    while n > 0:\n        print(n)\n        n -= 1,"Initialization errors are a classic mistake (CodeNet, basic programming tasks)",n is not initialized before the while loop,0,print the value of n factorial,"def buggy_factorial():
    while not n <= 0:
        print(n)
        n -= 1"
Print the factorial of n,def buggy_factorial():\n    while n > 0:\n        print(n)\n        n -= 1,"Initialization errors are a classic mistake (CodeNet, basic programming tasks)",n is not initialized before the while loop,0,print the value of n factorial,"def buggy_factorial():
    while n:
        print(n)
        n -= 1"
Print the factorial of n,def buggy_factorial():\n    while n > 0:\n        print(n)\n        n -= 1,"Initialization errors are a classic mistake (CodeNet, basic programming tasks)",n is not initialized before the while loop,0,print the value of n factorial,"def buggy_factorial():
    while n > 0:
        n -= 1
        print(n + 1)"
Reverse a list,def buggy_reverse(lst):\n    # missing i = len(lst) - 1\n    while j >= 0:\n        print(lst[j])\n        j -= 1,"Initialization and condition errors, common in introductory coding (Codeforces, basic exercises)",missing initialization and undefined variable in condition,3,Invert a list,"def buggy_reverse(lst):
    i = len(lst) - 1
    while i >= 0:
        print(lst[i])
        i -= 1"
Reverse a list,def buggy_reverse(lst):\n    # missing i = len(lst) - 1\n    while j >= 0:\n        print(lst[j])\n        j -= 1,"Initialization and condition errors, common in introductory coding (Codeforces, basic exercises)",missing initialization and undefined variable in condition,3,Invert a list,"def buggy_reverse(lst):
    j = len(lst) - 1
    while not (j < 0):
        print(lst[j])
        j = j - 1"
Reverse a list,def buggy_reverse(lst):\n    # missing i = len(lst) - 1\n    while j >= 0:\n        print(lst[j])\n        j -= 1,"Initialization and condition errors, common in introductory coding (Codeforces, basic exercises)",missing initialization and undefined variable in condition,3,Invert a list,"def buggy_reverse(lst):
    idx = len(lst) - 1
    while idx != -1:
        print(lst[idx])
        idx -= 1"
Reverse a list,def buggy_reverse(lst):\n    # missing i = len(lst) - 1\n    while j >= 0:\n        print(lst[j])\n        j -= 1,"Initialization and condition errors, common in introductory coding (Codeforces, basic exercises)",missing initialization and undefined variable in condition,3,Invert a list,"def buggy_reverse(lst):
    end = len(lst) - 1
    while end >= 0:
        print(lst[end])
        end = end + (-1)"
Reverse a list,def buggy_reverse(lst):\n    # missing i = len(lst) - 1\n    while j >= 0:\n        print(lst[j])\n        j -= 1,"Initialization and condition errors, common in introductory coding (Codeforces, basic exercises)",missing initialization and undefined variable in condition,3,Invert a list,"def buggy_reverse(lst):
    pointer = len(lst) - 1
    while pointer > -1:
        print(lst[pointer])
        pointer = pointer - 1"
Reverse a list,def buggy_reverse(lst):\n    # missing i = len(lst) - 1\n    while j >= 0:\n        print(lst[j])\n        j -= 1,"Initialization and condition errors, common in introductory coding (Codeforces, basic exercises)",missing initialization and undefined variable in condition,3,flip a list backwards,"def buggy_reverse(lst):
    i = len(lst) - 1
    while i >= 0:
        print(lst[i])
        i -= 1"
Reverse a list,def buggy_reverse(lst):\n    # missing i = len(lst) - 1\n    while j >= 0:\n        print(lst[j])\n        j -= 1,"Initialization and condition errors, common in introductory coding (Codeforces, basic exercises)",missing initialization and undefined variable in condition,3,flip a list backwards,"def buggy_reverse(lst):
    j = len(lst) - 1
    while not (j < 0):
        print(lst[j])
        j = j - 1"
Reverse a list,def buggy_reverse(lst):\n    # missing i = len(lst) - 1\n    while j >= 0:\n        print(lst[j])\n        j -= 1,"Initialization and condition errors, common in introductory coding (Codeforces, basic exercises)",missing initialization and undefined variable in condition,3,flip a list backwards,"def buggy_reverse(lst):
    idx = len(lst) - 1
    while idx != -1:
        print(lst[idx])
        idx -= 1"
Reverse a list,def buggy_reverse(lst):\n    # missing i = len(lst) - 1\n    while j >= 0:\n        print(lst[j])\n        j -= 1,"Initialization and condition errors, common in introductory coding (Codeforces, basic exercises)",missing initialization and undefined variable in condition,3,flip a list backwards,"def buggy_reverse(lst):
    end = len(lst) - 1
    while end >= 0:
        print(lst[end])
        end = end + (-1)"
Reverse a list,def buggy_reverse(lst):\n    # missing i = len(lst) - 1\n    while j >= 0:\n        print(lst[j])\n        j -= 1,"Initialization and condition errors, common in introductory coding (Codeforces, basic exercises)",missing initialization and undefined variable in condition,3,flip a list backwards,"def buggy_reverse(lst):
    pointer = len(lst) - 1
    while pointer > -1:
        print(lst[pointer])
        pointer = pointer - 1"
Reverse a list,def buggy_reverse(lst):\n    # missing i = len(lst) - 1\n    while j >= 0:\n        print(lst[j])\n        j -= 1,"Initialization and condition errors, common in introductory coding (Codeforces, basic exercises)",missing initialization and undefined variable in condition,3,reverse the order of a list,"def buggy_reverse(lst):
    i = len(lst) - 1
    while i >= 0:
        print(lst[i])
        i -= 1"
Reverse a list,def buggy_reverse(lst):\n    # missing i = len(lst) - 1\n    while j >= 0:\n        print(lst[j])\n        j -= 1,"Initialization and condition errors, common in introductory coding (Codeforces, basic exercises)",missing initialization and undefined variable in condition,3,reverse the order of a list,"def buggy_reverse(lst):
    j = len(lst) - 1
    while not (j < 0):
        print(lst[j])
        j = j - 1"
Reverse a list,def buggy_reverse(lst):\n    # missing i = len(lst) - 1\n    while j >= 0:\n        print(lst[j])\n        j -= 1,"Initialization and condition errors, common in introductory coding (Codeforces, basic exercises)",missing initialization and undefined variable in condition,3,reverse the order of a list,"def buggy_reverse(lst):
    idx = len(lst) - 1
    while idx != -1:
        print(lst[idx])
        idx -= 1"
Reverse a list,def buggy_reverse(lst):\n    # missing i = len(lst) - 1\n    while j >= 0:\n        print(lst[j])\n        j -= 1,"Initialization and condition errors, common in introductory coding (Codeforces, basic exercises)",missing initialization and undefined variable in condition,3,reverse the order of a list,"def buggy_reverse(lst):
    end = len(lst) - 1
    while end >= 0:
        print(lst[end])
        end = end + (-1)"
Reverse a list,def buggy_reverse(lst):\n    # missing i = len(lst) - 1\n    while j >= 0:\n        print(lst[j])\n        j -= 1,"Initialization and condition errors, common in introductory coding (Codeforces, basic exercises)",missing initialization and undefined variable in condition,3,reverse the order of a list,"def buggy_reverse(lst):
    pointer = len(lst) - 1
    while pointer > -1:
        print(lst[pointer])
        pointer = pointer - 1"
Reverse a list,def buggy_reverse(lst):\n    # missing i = len(lst) - 1\n    while j >= 0:\n        print(lst[j])\n        j -= 1,"Initialization and condition errors, common in introductory coding (Codeforces, basic exercises)",missing initialization and undefined variable in condition,3,turn a list around,"def buggy_reverse(lst):
    i = len(lst) - 1
    while i >= 0:
        print(lst[i])
        i -= 1"
Reverse a list,def buggy_reverse(lst):\n    # missing i = len(lst) - 1\n    while j >= 0:\n        print(lst[j])\n        j -= 1,"Initialization and condition errors, common in introductory coding (Codeforces, basic exercises)",missing initialization and undefined variable in condition,3,turn a list around,"def buggy_reverse(lst):
    j = len(lst) - 1
    while not (j < 0):
        print(lst[j])
        j = j - 1"
Reverse a list,def buggy_reverse(lst):\n    # missing i = len(lst) - 1\n    while j >= 0:\n        print(lst[j])\n        j -= 1,"Initialization and condition errors, common in introductory coding (Codeforces, basic exercises)",missing initialization and undefined variable in condition,3,turn a list around,"def buggy_reverse(lst):
    idx = len(lst) - 1
    while idx != -1:
        print(lst[idx])
        idx -= 1"
Reverse a list,def buggy_reverse(lst):\n    # missing i = len(lst) - 1\n    while j >= 0:\n        print(lst[j])\n        j -= 1,"Initialization and condition errors, common in introductory coding (Codeforces, basic exercises)",missing initialization and undefined variable in condition,3,turn a list around,"def buggy_reverse(lst):
    end = len(lst) - 1
    while end >= 0:
        print(lst[end])
        end = end + (-1)"
Reverse a list,def buggy_reverse(lst):\n    # missing i = len(lst) - 1\n    while j >= 0:\n        print(lst[j])\n        j -= 1,"Initialization and condition errors, common in introductory coding (Codeforces, basic exercises)",missing initialization and undefined variable in condition,3,turn a list around,"def buggy_reverse(lst):
    pointer = len(lst) - 1
    while pointer > -1:
        print(lst[pointer])
        pointer = pointer - 1"
Reverse a list,def buggy_reverse(lst):\n    # missing i = len(lst) - 1\n    while j >= 0:\n        print(lst[j])\n        j -= 1,"Initialization and condition errors, common in introductory coding (Codeforces, basic exercises)",missing initialization and undefined variable in condition,3,arrange a list in reverse,"def buggy_reverse(lst):
    i = len(lst) - 1
    while i >= 0:
        print(lst[i])
        i -= 1"
Reverse a list,def buggy_reverse(lst):\n    # missing i = len(lst) - 1\n    while j >= 0:\n        print(lst[j])\n        j -= 1,"Initialization and condition errors, common in introductory coding (Codeforces, basic exercises)",missing initialization and undefined variable in condition,3,arrange a list in reverse,"def buggy_reverse(lst):
    j = len(lst) - 1
    while not (j < 0):
        print(lst[j])
        j = j - 1"
Reverse a list,def buggy_reverse(lst):\n    # missing i = len(lst) - 1\n    while j >= 0:\n        print(lst[j])\n        j -= 1,"Initialization and condition errors, common in introductory coding (Codeforces, basic exercises)",missing initialization and undefined variable in condition,3,arrange a list in reverse,"def buggy_reverse(lst):
    idx = len(lst) - 1
    while idx != -1:
        print(lst[idx])
        idx -= 1"
Reverse a list,def buggy_reverse(lst):\n    # missing i = len(lst) - 1\n    while j >= 0:\n        print(lst[j])\n        j -= 1,"Initialization and condition errors, common in introductory coding (Codeforces, basic exercises)",missing initialization and undefined variable in condition,3,arrange a list in reverse,"def buggy_reverse(lst):
    end = len(lst) - 1
    while end >= 0:
        print(lst[end])
        end = end + (-1)"
Reverse a list,def buggy_reverse(lst):\n    # missing i = len(lst) - 1\n    while j >= 0:\n        print(lst[j])\n        j -= 1,"Initialization and condition errors, common in introductory coding (Codeforces, basic exercises)",missing initialization and undefined variable in condition,3,arrange a list in reverse,"def buggy_reverse(lst):
    pointer = len(lst) - 1
    while pointer > -1:
        print(lst[pointer])
        pointer = pointer - 1"
Print numbers from a to b,"def buggy_print_range(b):\n    # missing a = 1\n    while a <= b:\n        a = 1   # should increment, not reset\n        print(a)\n        a += 1",Initialization and update errors frequently seen in beginner loops (CodeNet),missing initialization and wrong update in loop body,4,Display numbers starting from a up to b,"def buggy_print_range(b):
    a = 1
    while a <= b:
        print(a)
        a = a + 1"
Print numbers from a to b,"def buggy_print_range(b):\n    # missing a = 1\n    while a <= b:\n        a = 1   # should increment, not reset\n        print(a)\n        a += 1",Initialization and update errors frequently seen in beginner loops (CodeNet),missing initialization and wrong update in loop body,4,Display numbers starting from a up to b,"def buggy_print_range(b):
    a = 1
    while not (a > b):
        print(a)
        a += 1"
Print numbers from a to b,"def buggy_print_range(b):\n    # missing a = 1\n    while a <= b:\n        a = 1   # should increment, not reset\n        print(a)\n        a += 1",Initialization and update errors frequently seen in beginner loops (CodeNet),missing initialization and wrong update in loop body,4,Display numbers starting from a up to b,"def buggy_print_range(b):
    a = 1
    while b >= a:
        print(a)
        a += 1"
Print numbers from a to b,"def buggy_print_range(b):\n    # missing a = 1\n    while a <= b:\n        a = 1   # should increment, not reset\n        print(a)\n        a += 1",Initialization and update errors frequently seen in beginner loops (CodeNet),missing initialization and wrong update in loop body,4,Display numbers starting from a up to b,"def buggy_print_range(b):
    a = 1
    while a - b <= 0:
        print(a)
        a += 1"
Print numbers from a to b,"def buggy_print_range(b):\n    # missing a = 1\n    while a <= b:\n        a = 1   # should increment, not reset\n        print(a)\n        a += 1",Initialization and update errors frequently seen in beginner loops (CodeNet),missing initialization and wrong update in loop body,4,Display numbers starting from a up to b,"def buggy_print_range(b):
    a = 1
    while True:
        if a > b:
            break
        print(a)
        a += 1"
Print numbers from a to b,"def buggy_print_range(b):\n    # missing a = 1\n    while a <= b:\n        a = 1   # should increment, not reset\n        print(a)\n        a += 1",Initialization and update errors frequently seen in beginner loops (CodeNet),missing initialization and wrong update in loop body,4,output numbers between a and b,"def buggy_print_range(b):
    a = 1
    while a <= b:
        print(a)
        a = a + 1"
Print numbers from a to b,"def buggy_print_range(b):\n    # missing a = 1\n    while a <= b:\n        a = 1   # should increment, not reset\n        print(a)\n        a += 1",Initialization and update errors frequently seen in beginner loops (CodeNet),missing initialization and wrong update in loop body,4,output numbers between a and b,"def buggy_print_range(b):
    a = 1
    while not (a > b):
        print(a)
        a += 1"
Print numbers from a to b,"def buggy_print_range(b):\n    # missing a = 1\n    while a <= b:\n        a = 1   # should increment, not reset\n        print(a)\n        a += 1",Initialization and update errors frequently seen in beginner loops (CodeNet),missing initialization and wrong update in loop body,4,output numbers between a and b,"def buggy_print_range(b):
    a = 1
    while b >= a:
        print(a)
        a += 1"
Print numbers from a to b,"def buggy_print_range(b):\n    # missing a = 1\n    while a <= b:\n        a = 1   # should increment, not reset\n        print(a)\n        a += 1",Initialization and update errors frequently seen in beginner loops (CodeNet),missing initialization and wrong update in loop body,4,output numbers between a and b,"def buggy_print_range(b):
    a = 1
    while a - b <= 0:
        print(a)
        a += 1"
Print numbers from a to b,"def buggy_print_range(b):\n    # missing a = 1\n    while a <= b:\n        a = 1   # should increment, not reset\n        print(a)\n        a += 1",Initialization and update errors frequently seen in beginner loops (CodeNet),missing initialization and wrong update in loop body,4,output numbers between a and b,"def buggy_print_range(b):
    a = 1
    while True:
        if a > b:
            break
        print(a)
        a += 1"
Print numbers from a to b,"def buggy_print_range(b):\n    # missing a = 1\n    while a <= b:\n        a = 1   # should increment, not reset\n        print(a)\n        a += 1",Initialization and update errors frequently seen in beginner loops (CodeNet),missing initialization and wrong update in loop body,4,show values from a to b,"def buggy_print_range(b):
    a = 1
    while a <= b:
        print(a)
        a = a + 1"
Print numbers from a to b,"def buggy_print_range(b):\n    # missing a = 1\n    while a <= b:\n        a = 1   # should increment, not reset\n        print(a)\n        a += 1",Initialization and update errors frequently seen in beginner loops (CodeNet),missing initialization and wrong update in loop body,4,show values from a to b,"def buggy_print_range(b):
    a = 1
    while not (a > b):
        print(a)
        a += 1"
Print numbers from a to b,"def buggy_print_range(b):\n    # missing a = 1\n    while a <= b:\n        a = 1   # should increment, not reset\n        print(a)\n        a += 1",Initialization and update errors frequently seen in beginner loops (CodeNet),missing initialization and wrong update in loop body,4,show values from a to b,"def buggy_print_range(b):
    a = 1
    while b >= a:
        print(a)
        a += 1"
Print numbers from a to b,"def buggy_print_range(b):\n    # missing a = 1\n    while a <= b:\n        a = 1   # should increment, not reset\n        print(a)\n        a += 1",Initialization and update errors frequently seen in beginner loops (CodeNet),missing initialization and wrong update in loop body,4,show values from a to b,"def buggy_print_range(b):
    a = 1
    while a - b <= 0:
        print(a)
        a += 1"
Print numbers from a to b,"def buggy_print_range(b):\n    # missing a = 1\n    while a <= b:\n        a = 1   # should increment, not reset\n        print(a)\n        a += 1",Initialization and update errors frequently seen in beginner loops (CodeNet),missing initialization and wrong update in loop body,4,show values from a to b,"def buggy_print_range(b):
    a = 1
    while True:
        if a > b:
            break
        print(a)
        a += 1"
Print numbers from a to b,"def buggy_print_range(b):\n    # missing a = 1\n    while a <= b:\n        a = 1   # should increment, not reset\n        print(a)\n        a += 1",Initialization and update errors frequently seen in beginner loops (CodeNet),missing initialization and wrong update in loop body,4,list numbers ranging from a to b,"def buggy_print_range(b):
    a = 1
    while a <= b:
        print(a)
        a = a + 1"
Print numbers from a to b,"def buggy_print_range(b):\n    # missing a = 1\n    while a <= b:\n        a = 1   # should increment, not reset\n        print(a)\n        a += 1",Initialization and update errors frequently seen in beginner loops (CodeNet),missing initialization and wrong update in loop body,4,list numbers ranging from a to b,"def buggy_print_range(b):
    a = 1
    while not (a > b):
        print(a)
        a += 1"
Print numbers from a to b,"def buggy_print_range(b):\n    # missing a = 1\n    while a <= b:\n        a = 1   # should increment, not reset\n        print(a)\n        a += 1",Initialization and update errors frequently seen in beginner loops (CodeNet),missing initialization and wrong update in loop body,4,list numbers ranging from a to b,"def buggy_print_range(b):
    a = 1
    while b >= a:
        print(a)
        a += 1"
Print numbers from a to b,"def buggy_print_range(b):\n    # missing a = 1\n    while a <= b:\n        a = 1   # should increment, not reset\n        print(a)\n        a += 1",Initialization and update errors frequently seen in beginner loops (CodeNet),missing initialization and wrong update in loop body,4,list numbers ranging from a to b,"def buggy_print_range(b):
    a = 1
    while a - b <= 0:
        print(a)
        a += 1"
Print numbers from a to b,"def buggy_print_range(b):\n    # missing a = 1\n    while a <= b:\n        a = 1   # should increment, not reset\n        print(a)\n        a += 1",Initialization and update errors frequently seen in beginner loops (CodeNet),missing initialization and wrong update in loop body,4,list numbers ranging from a to b,"def buggy_print_range(b):
    a = 1
    while True:
        if a > b:
            break
        print(a)
        a += 1"
Print numbers from a to b,"def buggy_print_range(b):\n    # missing a = 1\n    while a <= b:\n        a = 1   # should increment, not reset\n        print(a)\n        a += 1",Initialization and update errors frequently seen in beginner loops (CodeNet),missing initialization and wrong update in loop body,4,generate numbers from a through b,"def buggy_print_range(b):
    a = 1
    while a <= b:
        print(a)
        a = a + 1"
Print numbers from a to b,"def buggy_print_range(b):\n    # missing a = 1\n    while a <= b:\n        a = 1   # should increment, not reset\n        print(a)\n        a += 1",Initialization and update errors frequently seen in beginner loops (CodeNet),missing initialization and wrong update in loop body,4,generate numbers from a through b,"def buggy_print_range(b):
    a = 1
    while not (a > b):
        print(a)
        a += 1"
Print numbers from a to b,"def buggy_print_range(b):\n    # missing a = 1\n    while a <= b:\n        a = 1   # should increment, not reset\n        print(a)\n        a += 1",Initialization and update errors frequently seen in beginner loops (CodeNet),missing initialization and wrong update in loop body,4,generate numbers from a through b,"def buggy_print_range(b):
    a = 1
    while b >= a:
        print(a)
        a += 1"
Print numbers from a to b,"def buggy_print_range(b):\n    # missing a = 1\n    while a <= b:\n        a = 1   # should increment, not reset\n        print(a)\n        a += 1",Initialization and update errors frequently seen in beginner loops (CodeNet),missing initialization and wrong update in loop body,4,generate numbers from a through b,"def buggy_print_range(b):
    a = 1
    while a - b <= 0:
        print(a)
        a += 1"
Print numbers from a to b,"def buggy_print_range(b):\n    # missing a = 1\n    while a <= b:\n        a = 1   # should increment, not reset\n        print(a)\n        a += 1",Initialization and update errors frequently seen in beginner loops (CodeNet),missing initialization and wrong update in loop body,4,generate numbers from a through b,"def buggy_print_range(b):
    a = 1
    while True:
        if a > b:
            break
        print(a)
        a += 1"
Sum even numbers in a list,def buggy_sum_evens(lst):\n    i = 0\n    sum_evens = 0\n    while i <= len(lst):  # should be i < len(lst)\n        if lst[i] % 2 == 0:\n            pass  # should add to sum_evens\n        i += 1,"Condition and update errors, drawn from typical contest bug lists (Codeforces)",wrong condition and no accumulation in loop body,5,Calculate the total of even numbers in a list,"def buggy_sum_evens(lst):
    sum_evens = 0
    i = 0
    while not (i >= len(lst)):
        if not (lst[i] % 2):
            pass
        i = i + 1"
Sum even numbers in a list,def buggy_sum_evens(lst):\n    i = 0\n    sum_evens = 0\n    while i <= len(lst):  # should be i < len(lst)\n        if lst[i] % 2 == 0:\n            pass  # should add to sum_evens\n        i += 1,"Condition and update errors, drawn from typical contest bug lists (Codeforces)",wrong condition and no accumulation in loop body,5,Calculate the total of even numbers in a list,"def buggy_sum_evens(lst):
    i = 0
    sum_evens = 0
    while len(lst) > i:
        if lst[i] % 2 == 0:
            pass
        i += 1"
Sum even numbers in a list,def buggy_sum_evens(lst):\n    i = 0\n    sum_evens = 0\n    while i <= len(lst):  # should be i < len(lst)\n        if lst[i] % 2 == 0:\n            pass  # should add to sum_evens\n        i += 1,"Condition and update errors, drawn from typical contest bug lists (Codeforces)",wrong condition and no accumulation in loop body,5,Calculate the total of even numbers in a list,"def buggy_sum_evens(lst):
    sum_evens = 0
    i = 0
    while i != len(lst):
        if lst[i] % 2 == 0:
            pass
        i = i + 1"
Sum even numbers in a list,def buggy_sum_evens(lst):\n    i = 0\n    sum_evens = 0\n    while i <= len(lst):  # should be i < len(lst)\n        if lst[i] % 2 == 0:\n            pass  # should add to sum_evens\n        i += 1,"Condition and update errors, drawn from typical contest bug lists (Codeforces)",wrong condition and no accumulation in loop body,5,Calculate the total of even numbers in a list,"def buggy_sum_evens(lst):
    i = 0
    sum_evens = 0
    while i < len(lst):
        if (lst[i] & 1) == 0:
            pass
        i += 1"
Sum even numbers in a list,def buggy_sum_evens(lst):\n    i = 0\n    sum_evens = 0\n    while i <= len(lst):  # should be i < len(lst)\n        if lst[i] % 2 == 0:\n            pass  # should add to sum_evens\n        i += 1,"Condition and update errors, drawn from typical contest bug lists (Codeforces)",wrong condition and no accumulation in loop body,5,Calculate the total of even numbers in a list,"def buggy_sum_evens(lst):
    sum_evens = 0
    i = 0
    while i < len(lst):
        if not (lst[i] % 2):
            pass
        i += 1"
Sum even numbers in a list,def buggy_sum_evens(lst):\n    i = 0\n    sum_evens = 0\n    while i <= len(lst):  # should be i < len(lst)\n        if lst[i] % 2 == 0:\n            pass  # should add to sum_evens\n        i += 1,"Condition and update errors, drawn from typical contest bug lists (Codeforces)",wrong condition and no accumulation in loop body,5,add up all even elements in a list,"def buggy_sum_evens(lst):
    sum_evens = 0
    i = 0
    while not (i >= len(lst)):
        if not (lst[i] % 2):
            pass
        i = i + 1"
Sum even numbers in a list,def buggy_sum_evens(lst):\n    i = 0\n    sum_evens = 0\n    while i <= len(lst):  # should be i < len(lst)\n        if lst[i] % 2 == 0:\n            pass  # should add to sum_evens\n        i += 1,"Condition and update errors, drawn from typical contest bug lists (Codeforces)",wrong condition and no accumulation in loop body,5,add up all even elements in a list,"def buggy_sum_evens(lst):
    i = 0
    sum_evens = 0
    while len(lst) > i:
        if lst[i] % 2 == 0:
            pass
        i += 1"
Sum even numbers in a list,def buggy_sum_evens(lst):\n    i = 0\n    sum_evens = 0\n    while i <= len(lst):  # should be i < len(lst)\n        if lst[i] % 2 == 0:\n            pass  # should add to sum_evens\n        i += 1,"Condition and update errors, drawn from typical contest bug lists (Codeforces)",wrong condition and no accumulation in loop body,5,add up all even elements in a list,"def buggy_sum_evens(lst):
    sum_evens = 0
    i = 0
    while i != len(lst):
        if lst[i] % 2 == 0:
            pass
        i = i + 1"
Sum even numbers in a list,def buggy_sum_evens(lst):\n    i = 0\n    sum_evens = 0\n    while i <= len(lst):  # should be i < len(lst)\n        if lst[i] % 2 == 0:\n            pass  # should add to sum_evens\n        i += 1,"Condition and update errors, drawn from typical contest bug lists (Codeforces)",wrong condition and no accumulation in loop body,5,add up all even elements in a list,"def buggy_sum_evens(lst):
    i = 0
    sum_evens = 0
    while i < len(lst):
        if (lst[i] & 1) == 0:
            pass
        i += 1"
Sum even numbers in a list,def buggy_sum_evens(lst):\n    i = 0\n    sum_evens = 0\n    while i <= len(lst):  # should be i < len(lst)\n        if lst[i] % 2 == 0:\n            pass  # should add to sum_evens\n        i += 1,"Condition and update errors, drawn from typical contest bug lists (Codeforces)",wrong condition and no accumulation in loop body,5,add up all even elements in a list,"def buggy_sum_evens(lst):
    sum_evens = 0
    i = 0
    while i < len(lst):
        if not (lst[i] % 2):
            pass
        i += 1"
Sum even numbers in a list,def buggy_sum_evens(lst):\n    i = 0\n    sum_evens = 0\n    while i <= len(lst):  # should be i < len(lst)\n        if lst[i] % 2 == 0:\n            pass  # should add to sum_evens\n        i += 1,"Condition and update errors, drawn from typical contest bug lists (Codeforces)",wrong condition and no accumulation in loop body,5,find the sum of even values within a list,"def buggy_sum_evens(lst):
    sum_evens = 0
    i = 0
    while not (i >= len(lst)):
        if not (lst[i] % 2):
            pass
        i = i + 1"
Sum even numbers in a list,def buggy_sum_evens(lst):\n    i = 0\n    sum_evens = 0\n    while i <= len(lst):  # should be i < len(lst)\n        if lst[i] % 2 == 0:\n            pass  # should add to sum_evens\n        i += 1,"Condition and update errors, drawn from typical contest bug lists (Codeforces)",wrong condition and no accumulation in loop body,5,find the sum of even values within a list,"def buggy_sum_evens(lst):
    i = 0
    sum_evens = 0
    while len(lst) > i:
        if lst[i] % 2 == 0:
            pass
        i += 1"
Sum even numbers in a list,def buggy_sum_evens(lst):\n    i = 0\n    sum_evens = 0\n    while i <= len(lst):  # should be i < len(lst)\n        if lst[i] % 2 == 0:\n            pass  # should add to sum_evens\n        i += 1,"Condition and update errors, drawn from typical contest bug lists (Codeforces)",wrong condition and no accumulation in loop body,5,find the sum of even values within a list,"def buggy_sum_evens(lst):
    sum_evens = 0
    i = 0
    while i != len(lst):
        if lst[i] % 2 == 0:
            pass
        i = i + 1"
Sum even numbers in a list,def buggy_sum_evens(lst):\n    i = 0\n    sum_evens = 0\n    while i <= len(lst):  # should be i < len(lst)\n        if lst[i] % 2 == 0:\n            pass  # should add to sum_evens\n        i += 1,"Condition and update errors, drawn from typical contest bug lists (Codeforces)",wrong condition and no accumulation in loop body,5,find the sum of even values within a list,"def buggy_sum_evens(lst):
    i = 0
    sum_evens = 0
    while i < len(lst):
        if (lst[i] & 1) == 0:
            pass
        i += 1"
Sum even numbers in a list,def buggy_sum_evens(lst):\n    i = 0\n    sum_evens = 0\n    while i <= len(lst):  # should be i < len(lst)\n        if lst[i] % 2 == 0:\n            pass  # should add to sum_evens\n        i += 1,"Condition and update errors, drawn from typical contest bug lists (Codeforces)",wrong condition and no accumulation in loop body,5,find the sum of even values within a list,"def buggy_sum_evens(lst):
    sum_evens = 0
    i = 0
    while i < len(lst):
        if not (lst[i] % 2):
            pass
        i += 1"
Sum even numbers in a list,def buggy_sum_evens(lst):\n    i = 0\n    sum_evens = 0\n    while i <= len(lst):  # should be i < len(lst)\n        if lst[i] % 2 == 0:\n            pass  # should add to sum_evens\n        i += 1,"Condition and update errors, drawn from typical contest bug lists (Codeforces)",wrong condition and no accumulation in loop body,5,compute the total for even numbers from a list,"def buggy_sum_evens(lst):
    sum_evens = 0
    i = 0
    while not (i >= len(lst)):
        if not (lst[i] % 2):
            pass
        i = i + 1"
Sum even numbers in a list,def buggy_sum_evens(lst):\n    i = 0\n    sum_evens = 0\n    while i <= len(lst):  # should be i < len(lst)\n        if lst[i] % 2 == 0:\n            pass  # should add to sum_evens\n        i += 1,"Condition and update errors, drawn from typical contest bug lists (Codeforces)",wrong condition and no accumulation in loop body,5,compute the total for even numbers from a list,"def buggy_sum_evens(lst):
    i = 0
    sum_evens = 0
    while len(lst) > i:
        if lst[i] % 2 == 0:
            pass
        i += 1"
Sum even numbers in a list,def buggy_sum_evens(lst):\n    i = 0\n    sum_evens = 0\n    while i <= len(lst):  # should be i < len(lst)\n        if lst[i] % 2 == 0:\n            pass  # should add to sum_evens\n        i += 1,"Condition and update errors, drawn from typical contest bug lists (Codeforces)",wrong condition and no accumulation in loop body,5,compute the total for even numbers from a list,"def buggy_sum_evens(lst):
    sum_evens = 0
    i = 0
    while i != len(lst):
        if lst[i] % 2 == 0:
            pass
        i = i + 1"
Sum even numbers in a list,def buggy_sum_evens(lst):\n    i = 0\n    sum_evens = 0\n    while i <= len(lst):  # should be i < len(lst)\n        if lst[i] % 2 == 0:\n            pass  # should add to sum_evens\n        i += 1,"Condition and update errors, drawn from typical contest bug lists (Codeforces)",wrong condition and no accumulation in loop body,5,compute the total for even numbers from a list,"def buggy_sum_evens(lst):
    i = 0
    sum_evens = 0
    while i < len(lst):
        if (lst[i] & 1) == 0:
            pass
        i += 1"
Sum even numbers in a list,def buggy_sum_evens(lst):\n    i = 0\n    sum_evens = 0\n    while i <= len(lst):  # should be i < len(lst)\n        if lst[i] % 2 == 0:\n            pass  # should add to sum_evens\n        i += 1,"Condition and update errors, drawn from typical contest bug lists (Codeforces)",wrong condition and no accumulation in loop body,5,compute the total for even numbers from a list,"def buggy_sum_evens(lst):
    sum_evens = 0
    i = 0
    while i < len(lst):
        if not (lst[i] % 2):
            pass
        i += 1"
Sum even numbers in a list,def buggy_sum_evens(lst):\n    i = 0\n    sum_evens = 0\n    while i <= len(lst):  # should be i < len(lst)\n        if lst[i] % 2 == 0:\n            pass  # should add to sum_evens\n        i += 1,"Condition and update errors, drawn from typical contest bug lists (Codeforces)",wrong condition and no accumulation in loop body,5,accumulate the sum of even integers in a list,"def buggy_sum_evens(lst):
    sum_evens = 0
    i = 0
    while not (i >= len(lst)):
        if not (lst[i] % 2):
            pass
        i = i + 1"
Sum even numbers in a list,def buggy_sum_evens(lst):\n    i = 0\n    sum_evens = 0\n    while i <= len(lst):  # should be i < len(lst)\n        if lst[i] % 2 == 0:\n            pass  # should add to sum_evens\n        i += 1,"Condition and update errors, drawn from typical contest bug lists (Codeforces)",wrong condition and no accumulation in loop body,5,accumulate the sum of even integers in a list,"def buggy_sum_evens(lst):
    i = 0
    sum_evens = 0
    while len(lst) > i:
        if lst[i] % 2 == 0:
            pass
        i += 1"
Sum even numbers in a list,def buggy_sum_evens(lst):\n    i = 0\n    sum_evens = 0\n    while i <= len(lst):  # should be i < len(lst)\n        if lst[i] % 2 == 0:\n            pass  # should add to sum_evens\n        i += 1,"Condition and update errors, drawn from typical contest bug lists (Codeforces)",wrong condition and no accumulation in loop body,5,accumulate the sum of even integers in a list,"def buggy_sum_evens(lst):
    sum_evens = 0
    i = 0
    while i != len(lst):
        if lst[i] % 2 == 0:
            pass
        i = i + 1"
Sum even numbers in a list,def buggy_sum_evens(lst):\n    i = 0\n    sum_evens = 0\n    while i <= len(lst):  # should be i < len(lst)\n        if lst[i] % 2 == 0:\n            pass  # should add to sum_evens\n        i += 1,"Condition and update errors, drawn from typical contest bug lists (Codeforces)",wrong condition and no accumulation in loop body,5,accumulate the sum of even integers in a list,"def buggy_sum_evens(lst):
    i = 0
    sum_evens = 0
    while i < len(lst):
        if (lst[i] & 1) == 0:
            pass
        i += 1"
Sum even numbers in a list,def buggy_sum_evens(lst):\n    i = 0\n    sum_evens = 0\n    while i <= len(lst):  # should be i < len(lst)\n        if lst[i] % 2 == 0:\n            pass  # should add to sum_evens\n        i += 1,"Condition and update errors, drawn from typical contest bug lists (Codeforces)",wrong condition and no accumulation in loop body,5,accumulate the sum of even integers in a list,"def buggy_sum_evens(lst):
    sum_evens = 0
    i = 0
    while i < len(lst):
        if not (lst[i] % 2):
            pass
        i += 1"
Count numbers divisible by 3,def buggy_count_mult_3(n):\n    while i < n:   # missing i initialization\n        count = 0  # resets inside loop\n        if i % 3 == 0:\n            pass  # should increment count\n        i += 1,"Simultaneous initialization, condition, and body errors inspired by competition prep (CodeNet)","multiple errors in initialization, condition and loop body",6,Count how many numbers are multiples of 3,"def buggy_count_mult_3(n):
    i = 0
    count = 0
    while i < n:
        if i % 3 == 0:
            count = count + 1
        i = i + 1"
Count numbers divisible by 3,def buggy_count_mult_3(n):\n    while i < n:   # missing i initialization\n        count = 0  # resets inside loop\n        if i % 3 == 0:\n            pass  # should increment count\n        i += 1,"Simultaneous initialization, condition, and body errors inspired by competition prep (CodeNet)","multiple errors in initialization, condition and loop body",6,Count how many numbers are multiples of 3,"def buggy_count_mult_3(n):
    i = 0
    count = 0
    while not (i >= n):
        if (i % 3) == 0:
            count += 1
        i += 1"
Count numbers divisible by 3,def buggy_count_mult_3(n):\n    while i < n:   # missing i initialization\n        count = 0  # resets inside loop\n        if i % 3 == 0:\n            pass  # should increment count\n        i += 1,"Simultaneous initialization, condition, and body errors inspired by competition prep (CodeNet)","multiple errors in initialization, condition and loop body",6,Count how many numbers are multiples of 3,"def buggy_count_mult_3(n):
    count = 0
    i = 0
    while n > i:
        if not (i % 3):
            count += 1
        i += 1"
Count numbers divisible by 3,def buggy_count_mult_3(n):\n    while i < n:   # missing i initialization\n        count = 0  # resets inside loop\n        if i % 3 == 0:\n            pass  # should increment count\n        i += 1,"Simultaneous initialization, condition, and body errors inspired by competition prep (CodeNet)","multiple errors in initialization, condition and loop body",6,Count how many numbers are multiples of 3,"def buggy_count_mult_3(n):
    count = 0
    i = 0
    while i != n:
        if (i % 3 == 0) and True:
            count = count + 1
        i = i + 1"
Count numbers divisible by 3,def buggy_count_mult_3(n):\n    while i < n:   # missing i initialization\n        count = 0  # resets inside loop\n        if i % 3 == 0:\n            pass  # should increment count\n        i += 1,"Simultaneous initialization, condition, and body errors inspired by competition prep (CodeNet)","multiple errors in initialization, condition and loop body",6,Count how many numbers are multiples of 3,"def buggy_count_mult_3(n):
    count = 0
    i = 0
    while i < n:
        count += int(i % 3 == 0)
        i += 1"
Count numbers divisible by 3,def buggy_count_mult_3(n):\n    while i < n:   # missing i initialization\n        count = 0  # resets inside loop\n        if i % 3 == 0:\n            pass  # should increment count\n        i += 1,"Simultaneous initialization, condition, and body errors inspired by competition prep (CodeNet)","multiple errors in initialization, condition and loop body",6,find the total of numbers divisible by 3,"def buggy_count_mult_3(n):
    i = 0
    count = 0
    while i < n:
        if i % 3 == 0:
            count = count + 1
        i = i + 1"
Count numbers divisible by 3,def buggy_count_mult_3(n):\n    while i < n:   # missing i initialization\n        count = 0  # resets inside loop\n        if i % 3 == 0:\n            pass  # should increment count\n        i += 1,"Simultaneous initialization, condition, and body errors inspired by competition prep (CodeNet)","multiple errors in initialization, condition and loop body",6,find the total of numbers divisible by 3,"def buggy_count_mult_3(n):
    i = 0
    count = 0
    while not (i >= n):
        if (i % 3) == 0:
            count += 1
        i += 1"
Count numbers divisible by 3,def buggy_count_mult_3(n):\n    while i < n:   # missing i initialization\n        count = 0  # resets inside loop\n        if i % 3 == 0:\n            pass  # should increment count\n        i += 1,"Simultaneous initialization, condition, and body errors inspired by competition prep (CodeNet)","multiple errors in initialization, condition and loop body",6,find the total of numbers divisible by 3,"def buggy_count_mult_3(n):
    count = 0
    i = 0
    while n > i:
        if not (i % 3):
            count += 1
        i += 1"
Count numbers divisible by 3,def buggy_count_mult_3(n):\n    while i < n:   # missing i initialization\n        count = 0  # resets inside loop\n        if i % 3 == 0:\n            pass  # should increment count\n        i += 1,"Simultaneous initialization, condition, and body errors inspired by competition prep (CodeNet)","multiple errors in initialization, condition and loop body",6,find the total of numbers divisible by 3,"def buggy_count_mult_3(n):
    count = 0
    i = 0
    while i != n:
        if (i % 3 == 0) and True:
            count = count + 1
        i = i + 1"
Count numbers divisible by 3,def buggy_count_mult_3(n):\n    while i < n:   # missing i initialization\n        count = 0  # resets inside loop\n        if i % 3 == 0:\n            pass  # should increment count\n        i += 1,"Simultaneous initialization, condition, and body errors inspired by competition prep (CodeNet)","multiple errors in initialization, condition and loop body",6,find the total of numbers divisible by 3,"def buggy_count_mult_3(n):
    count = 0
    i = 0
    while i < n:
        count += int(i % 3 == 0)
        i += 1"
Count numbers divisible by 3,def buggy_count_mult_3(n):\n    while i < n:   # missing i initialization\n        count = 0  # resets inside loop\n        if i % 3 == 0:\n            pass  # should increment count\n        i += 1,"Simultaneous initialization, condition, and body errors inspired by competition prep (CodeNet)","multiple errors in initialization, condition and loop body",6,determine the quantity of numbers that can be divided by 3,"def buggy_count_mult_3(n):
    i = 0
    count = 0
    while i < n:
        if i % 3 == 0:
            count = count + 1
        i = i + 1"
Count numbers divisible by 3,def buggy_count_mult_3(n):\n    while i < n:   # missing i initialization\n        count = 0  # resets inside loop\n        if i % 3 == 0:\n            pass  # should increment count\n        i += 1,"Simultaneous initialization, condition, and body errors inspired by competition prep (CodeNet)","multiple errors in initialization, condition and loop body",6,determine the quantity of numbers that can be divided by 3,"def buggy_count_mult_3(n):
    i = 0
    count = 0
    while not (i >= n):
        if (i % 3) == 0:
            count += 1
        i += 1"
Count numbers divisible by 3,def buggy_count_mult_3(n):\n    while i < n:   # missing i initialization\n        count = 0  # resets inside loop\n        if i % 3 == 0:\n            pass  # should increment count\n        i += 1,"Simultaneous initialization, condition, and body errors inspired by competition prep (CodeNet)","multiple errors in initialization, condition and loop body",6,determine the quantity of numbers that can be divided by 3,"def buggy_count_mult_3(n):
    count = 0
    i = 0
    while n > i:
        if not (i % 3):
            count += 1
        i += 1"
Count numbers divisible by 3,def buggy_count_mult_3(n):\n    while i < n:   # missing i initialization\n        count = 0  # resets inside loop\n        if i % 3 == 0:\n            pass  # should increment count\n        i += 1,"Simultaneous initialization, condition, and body errors inspired by competition prep (CodeNet)","multiple errors in initialization, condition and loop body",6,determine the quantity of numbers that can be divided by 3,"def buggy_count_mult_3(n):
    count = 0
    i = 0
    while i != n:
        if (i % 3 == 0) and True:
            count = count + 1
        i = i + 1"
Count numbers divisible by 3,def buggy_count_mult_3(n):\n    while i < n:   # missing i initialization\n        count = 0  # resets inside loop\n        if i % 3 == 0:\n            pass  # should increment count\n        i += 1,"Simultaneous initialization, condition, and body errors inspired by competition prep (CodeNet)","multiple errors in initialization, condition and loop body",6,determine the quantity of numbers that can be divided by 3,"def buggy_count_mult_3(n):
    count = 0
    i = 0
    while i < n:
        count += int(i % 3 == 0)
        i += 1"
Count numbers divisible by 3,def buggy_count_mult_3(n):\n    while i < n:   # missing i initialization\n        count = 0  # resets inside loop\n        if i % 3 == 0:\n            pass  # should increment count\n        i += 1,"Simultaneous initialization, condition, and body errors inspired by competition prep (CodeNet)","multiple errors in initialization, condition and loop body",6,count the numbers that are evenly divisible by 3,"def buggy_count_mult_3(n):
    i = 0
    count = 0
    while i < n:
        if i % 3 == 0:
            count = count + 1
        i = i + 1"
Count numbers divisible by 3,def buggy_count_mult_3(n):\n    while i < n:   # missing i initialization\n        count = 0  # resets inside loop\n        if i % 3 == 0:\n            pass  # should increment count\n        i += 1,"Simultaneous initialization, condition, and body errors inspired by competition prep (CodeNet)","multiple errors in initialization, condition and loop body",6,count the numbers that are evenly divisible by 3,"def buggy_count_mult_3(n):
    i = 0
    count = 0
    while not (i >= n):
        if (i % 3) == 0:
            count += 1
        i += 1"
Count numbers divisible by 3,def buggy_count_mult_3(n):\n    while i < n:   # missing i initialization\n        count = 0  # resets inside loop\n        if i % 3 == 0:\n            pass  # should increment count\n        i += 1,"Simultaneous initialization, condition, and body errors inspired by competition prep (CodeNet)","multiple errors in initialization, condition and loop body",6,count the numbers that are evenly divisible by 3,"def buggy_count_mult_3(n):
    count = 0
    i = 0
    while n > i:
        if not (i % 3):
            count += 1
        i += 1"
Count numbers divisible by 3,def buggy_count_mult_3(n):\n    while i < n:   # missing i initialization\n        count = 0  # resets inside loop\n        if i % 3 == 0:\n            pass  # should increment count\n        i += 1,"Simultaneous initialization, condition, and body errors inspired by competition prep (CodeNet)","multiple errors in initialization, condition and loop body",6,count the numbers that are evenly divisible by 3,"def buggy_count_mult_3(n):
    count = 0
    i = 0
    while i != n:
        if (i % 3 == 0) and True:
            count = count + 1
        i = i + 1"
Count numbers divisible by 3,def buggy_count_mult_3(n):\n    while i < n:   # missing i initialization\n        count = 0  # resets inside loop\n        if i % 3 == 0:\n            pass  # should increment count\n        i += 1,"Simultaneous initialization, condition, and body errors inspired by competition prep (CodeNet)","multiple errors in initialization, condition and loop body",6,count the numbers that are evenly divisible by 3,"def buggy_count_mult_3(n):
    count = 0
    i = 0
    while i < n:
        count += int(i % 3 == 0)
        i += 1"
Count numbers divisible by 3,def buggy_count_mult_3(n):\n    while i < n:   # missing i initialization\n        count = 0  # resets inside loop\n        if i % 3 == 0:\n            pass  # should increment count\n        i += 1,"Simultaneous initialization, condition, and body errors inspired by competition prep (CodeNet)","multiple errors in initialization, condition and loop body",6,calculate how many numbers are divisible by 3,"def buggy_count_mult_3(n):
    i = 0
    count = 0
    while i < n:
        if i % 3 == 0:
            count = count + 1
        i = i + 1"
Count numbers divisible by 3,def buggy_count_mult_3(n):\n    while i < n:   # missing i initialization\n        count = 0  # resets inside loop\n        if i % 3 == 0:\n            pass  # should increment count\n        i += 1,"Simultaneous initialization, condition, and body errors inspired by competition prep (CodeNet)","multiple errors in initialization, condition and loop body",6,calculate how many numbers are divisible by 3,"def buggy_count_mult_3(n):
    i = 0
    count = 0
    while not (i >= n):
        if (i % 3) == 0:
            count += 1
        i += 1"
Count numbers divisible by 3,def buggy_count_mult_3(n):\n    while i < n:   # missing i initialization\n        count = 0  # resets inside loop\n        if i % 3 == 0:\n            pass  # should increment count\n        i += 1,"Simultaneous initialization, condition, and body errors inspired by competition prep (CodeNet)","multiple errors in initialization, condition and loop body",6,calculate how many numbers are divisible by 3,"def buggy_count_mult_3(n):
    count = 0
    i = 0
    while n > i:
        if not (i % 3):
            count += 1
        i += 1"
Count numbers divisible by 3,def buggy_count_mult_3(n):\n    while i < n:   # missing i initialization\n        count = 0  # resets inside loop\n        if i % 3 == 0:\n            pass  # should increment count\n        i += 1,"Simultaneous initialization, condition, and body errors inspired by competition prep (CodeNet)","multiple errors in initialization, condition and loop body",6,calculate how many numbers are divisible by 3,"def buggy_count_mult_3(n):
    count = 0
    i = 0
    while i != n:
        if (i % 3 == 0) and True:
            count = count + 1
        i = i + 1"
Count numbers divisible by 3,def buggy_count_mult_3(n):\n    while i < n:   # missing i initialization\n        count = 0  # resets inside loop\n        if i % 3 == 0:\n            pass  # should increment count\n        i += 1,"Simultaneous initialization, condition, and body errors inspired by competition prep (CodeNet)","multiple errors in initialization, condition and loop body",6,calculate how many numbers are divisible by 3,"def buggy_count_mult_3(n):
    count = 0
    i = 0
    while i < n:
        count += int(i % 3 == 0)
        i += 1"
